Date,BTC,Gold,Oil,VIX,SP500
2014-12-01,376.13,1332.5,69.0,14.29,2053.44
2014-12-02,377.86,1314.7,66.88,12.85,2066.55
2014-12-03,382.45,1325.8,67.38,12.47,2074.33
2014-12-04,376.38,1324.2,66.81,12.38,2071.92
2014-12-05,368.36,1310.8,65.84,11.82,2075.37
2014-12-08,373.16,1314.4,63.05,14.21,2060.31
2014-12-09,357.88,1350.2,63.82,14.89,2059.82
2014-12-10,348.9,1345.5,60.94,18.53,2026.14
2014-12-11,341.04,1342.3,59.95,20.08,2035.33
2014-12-12,348.27,1333.5,57.81,21.08,2002.33
2014-12-15,348.67,1317.7,55.91,20.42,1989.63
2014-12-16,338.55,1302.0,55.93,23.57,1972.74
2014-12-17,330.54,1302.3,56.47,19.44,2012.89
2014-12-18,317.4,1303.9,54.11,16.81,2061.23
2014-12-19,306.46,1305.6,56.52,16.49,2070.65
2014-12-22,320.03,1289.7,55.26,15.25,2078.54
2014-12-23,328.7,1289.7,57.12,14.8,2082.17
2014-12-24,332.05,1285.6,55.92,14.37,2081.88
2014-12-26,318.56,1307.7,54.73,14.5,2088.77
2014-12-29,315.64,1292.9,53.61,15.06,2090.57
2014-12-30,313.99,1311.9,54.12,15.92,2080.35
2014-12-31,309.9,1335.4,53.27,19.2,2058.9
2015-01-02,314.5,1337.7,52.69,17.79,2058.2
2015-01-05,270.81,1353.5,50.04,19.92,2020.58
2015-01-06,272.02,1362.2,47.93,21.12,2002.61
2015-01-07,283.84,1353.6,48.65,19.31,2025.9
2015-01-08,290.48,1351.6,48.79,17.01,2062.14
2015-01-09,281.04,1357.4,48.36,17.55,2044.81
2015-01-12,268.1,1373.2,46.07,19.6,2028.26
2015-01-13,243.08,1374.5,45.89,20.56,2023.03
2015-01-14,219.13,1364.5,48.48,21.48,2011.27
2015-01-15,193.35,1392.8,46.25,22.39,1992.67
2015-01-16,220.57,1404.9,48.69,20.95,2019.42
2015-01-20,211.54,1412.4,46.39,19.89,2022.55
2015-01-21,212.28,1413.4,47.78,18.85,2032.12
2015-01-22,230.68,1425.2,46.31,16.4,2063.15
2015-01-23,226.3,1417.6,45.59,16.66,2051.82
2015-01-26,283.6,1405.6,45.15,15.52,2057.09
2015-01-27,258.54,1414.7,46.23,17.22,2029.55
2015-01-28,257.45,1402.2,44.45,20.44,2002.16
2015-01-29,235.95,1363.8,44.53,18.76,2021.25
2015-01-30,233.14,1384.6,48.24,20.97,1994.99
2015-02-02,229.8,1382.4,49.57,19.43,2020.85
2015-02-03,237.65,1367.3,53.05,17.33,2050.03
2015-02-04,225.84,1373.4,48.45,18.33,2041.51
2015-02-05,226.55,1354.9,50.48,16.85,2062.52
2015-02-06,219.76,1332.6,51.69,17.29,2055.47
2015-02-09,222.78,1339.9,52.86,18.55,2046.74
2015-02-10,220.17,1331.2,50.02,17.23,2068.59
2015-02-11,223.0,1319.2,48.84,16.96,2068.53
2015-02-12,218.73,1318.7,51.21,15.34,2088.48
2015-02-13,223.97,1325.2,52.78,14.69,2096.99
2015-02-17,235.71,1309.9,53.53,15.8,2100.34
2015-02-18,242.93,1301.5,52.14,15.45,2099.68
2015-02-19,237.1,1306.9,51.16,15.29,2097.45
2015-02-20,241.07,1303.2,50.34,14.3,2110.3
2015-02-23,235.14,1298.7,49.45,14.56,2109.66
2015-02-24,238.93,1293.1,49.28,13.69,2115.48
2015-02-25,238.15,1296.0,50.99,13.84,2113.86
2015-02-26,235.68,1306.1,48.17,13.91,2110.74
2015-02-27,251.29,1309.4,49.76,13.34,2104.5
2015-03-02,258.85,1305.8,49.59,13.04,2117.39
2015-03-03,270.76,1304.2,50.52,13.86,2107.78
2015-03-04,278.12,1300.6,51.53,14.23,2098.53
2015-03-05,269.26,1296.1,50.76,14.04,2101.04
2015-03-06,274.9,1265.6,49.61,15.2,2071.26
2015-03-09,277.99,1268.0,50.0,15.06,2079.43
2015-03-10,294.19,1258.1,48.29,16.69,2044.16
2015-03-11,289.71,1248.4,48.17,16.87,2040.24
2015-03-12,292.87,1249.0,47.05,15.42,2065.95
2015-03-13,293.22,1248.9,44.84,16.0,2053.4
2015-03-16,290.62,1249.3,43.88,15.61,2081.19
2015-03-17,290.54,1244.5,43.46,15.66,2074.28
2015-03-18,283.75,1247.5,44.66,13.97,2099.5
2015-03-19,252.45,1259.5,43.96,14.07,2089.27
2015-03-20,263.47,1274.7,45.72,13.02,2108.1
2015-03-23,267.55,1277.5,47.45,13.41,2104.42
2015-03-24,265.27,1281.2,47.51,13.62,2091.5
2015-03-25,246.67,1287.3,49.21,15.44,2061.05
2015-03-26,245.65,1297.0,51.43,15.8,2056.15
2015-03-27,246.55,1291.9,48.87,15.07,2061.02
2015-03-30,245.11,1276.4,48.68,14.51,2086.24
2015-03-31,247.26,1272.2,47.6,15.29,2067.89
2015-04-01,243.3,1294.2,50.09,15.11,2059.69
2015-04-02,246.96,1288.2,49.14,14.67,2066.96
2015-04-06,260.36,1305.4,52.14,14.74,2080.62
2015-04-07,252.09,1298.4,53.98,14.78,2076.33
2015-04-08,252.86,1291.1,50.42,13.98,2081.9
2015-04-09,244.04,1281.6,50.79,13.09,2091.18
2015-04-10,240.95,1293.3,51.64,12.58,2102.06
2015-04-13,235.52,1287.8,51.91,13.94,2092.43
2015-04-14,222.6,1278.1,53.29,13.67,2095.84
2015-04-15,220.91,1286.5,56.39,12.84,2106.63
2015-04-16,226.02,1283.0,56.71,12.6,2104.99
2015-04-17,227.93,1288.1,55.74,13.89,2081.18
2015-04-20,223.92,1279.3,56.38,13.3,2100.4
2015-04-21,224.98,1289.1,55.26,13.25,2097.29
2015-04-22,235.5,1274.7,56.16,12.71,2107.96
2015-04-23,234.16,1282.0,57.74,12.48,2112.93
2015-04-24,233.4,1260.4,57.15,12.29,2117.69
2015-04-27,219.19,1289.2,56.99,13.12,2108.92
2015-04-28,227.39,1301.4,57.06,12.41,2114.76
2015-04-29,225.35,1300.0,58.58,13.39,2106.85
2015-04-30,226.0,1273.0,59.63,14.55,2085.51
2015-05-01,236.68,1266.1,59.15,12.7,2108.29
2015-05-04,240.36,1279.0,58.93,12.85,2114.49
2015-05-05,235.6,1288.2,60.4,14.31,2089.46
2015-05-06,235.6,1286.7,60.93,15.15,2080.15
2015-05-07,230.42,1278.5,58.94,15.13,2088.0
2015-05-08,237.06,1282.5,59.39,12.86,2116.1
2015-05-11,239.4,1277.3,59.25,13.85,2105.33
2015-05-12,240.0,1287.0,60.75,13.86,2099.12
2015-05-13,241.35,1312.2,60.5,13.76,2098.48
2015-05-14,235.55,1319.0,59.88,12.74,2121.1
2015-05-15,237.57,1318.9,59.69,12.38,2122.73
2015-05-18,236.23,1321.2,59.43,12.73,2129.2
2015-05-19,233.31,1301.4,57.26,12.85,2127.83
2015-05-20,232.72,1303.5,58.98,12.88,2125.85
2015-05-21,234.2,1298.1,60.72,12.11,2130.82
2015-05-22,235.86,1299.7,59.72,12.13,2126.06
2015-05-26,237.66,1282.2,58.03,14.06,2104.2
2015-05-27,237.18,1278.6,57.51,13.27,2123.48
2015-05-28,237.67,1280.5,57.68,13.31,2120.79
2015-05-29,237.23,1280.7,60.3,13.84,2107.39
2015-06-01,230.83,1280.4,60.2,13.97,2111.73
2015-06-02,223.42,1287.8,61.26,14.24,2109.6
2015-06-03,226.62,1279.9,59.64,13.66,2114.07
2015-06-04,225.44,1270.1,58.0,14.71,2095.84
2015-06-05,223.97,1266.6,59.13,14.21,2092.83
2015-06-08,223.69,1272.0,58.14,15.29,2079.28
2015-06-09,228.19,1276.8,60.14,14.47,2080.15
2015-06-10,229.2,1288.6,61.43,13.22,2105.2
2015-06-11,229.96,1282.6,60.77,12.85,2108.86
2015-06-12,229.91,1281.0,59.96,13.78,2094.11
2015-06-15,234.75,1285.8,59.52,15.39,2084.43
2015-06-16,237.4,1279.4,59.97,14.81,2096.29
2015-06-17,248.74,1276.9,59.92,14.5,2100.44
2015-06-18,247.24,1300.8,60.45,13.19,2121.24
2015-06-19,249.07,1299.4,59.61,13.96,2109.99
2015-06-22,244.96,1282.1,59.68,12.74,2122.85
2015-06-23,247.13,1274.8,61.01,12.11,2124.2
2015-06-24,243.37,1271.0,60.27,13.26,2108.58
2015-06-25,240.92,1270.3,59.7,14.01,2102.31
2015-06-26,242.32,1273.1,59.63,14.02,2101.49
2015-06-29,249.43,1278.0,58.33,18.85,2057.64
2015-06-30,258.39,1270.8,59.47,18.23,2063.11
2015-07-01,261.72,1268.5,56.96,16.09,2077.42
2015-07-02,259.63,1261.5,56.93,16.79,2076.78
2015-07-06,267.61,1270.6,52.53,17.01,2068.76
2015-07-07,270.08,1249.5,52.33,16.09,2081.34
2015-07-08,264.36,1258.6,51.65,19.66,2046.68
2015-07-09,267.94,1255.1,52.78,19.97,2051.31
2015-07-10,269.25,1256.6,52.74,16.83,2076.62
2015-07-13,304.99,1255.0,52.2,13.9,2099.6
2015-07-14,290.93,1252.4,53.04,13.37,2108.95
2015-07-15,288.49,1246.3,51.41,13.23,2107.4
2015-07-16,287.56,1243.2,50.91,12.11,2124.29
2015-07-17,276.98,1230.7,50.89,11.95,2126.64
2015-07-20,274.28,1205.5,50.15,12.25,2128.28
2015-07-21,279.46,1199.5,50.36,12.22,2119.21
2015-07-22,274.87,1187.6,49.19,12.12,2114.15
2015-07-23,276.21,1190.1,48.45,12.64,2102.15
2015-07-24,276.24,1180.0,48.14,13.74,2079.65
2015-07-27,291.2,1190.6,47.39,15.6,2067.64
2015-07-28,293.15,1190.6,47.98,13.44,2093.25
2015-07-29,292.99,1187.5,48.79,12.5,2108.57
2015-07-30,288.62,1183.4,48.52,12.13,2108.63
2015-07-31,286.74,1183.1,47.12,12.12,2103.84
2015-08-03,279.49,1176.8,45.17,12.56,2098.04
2015-08-04,283.49,1178.7,45.74,13.0,2093.32
2015-08-05,284.24,1177.1,45.15,12.51,2099.84
2015-08-06,280.94,1181.6,44.66,13.77,2083.56
2015-08-07,275.93,1185.8,43.87,13.39,2077.57
2015-08-10,265.08,1195.8,44.96,12.23,2104.18
2015-08-11,264.88,1197.7,43.08,13.71,2084.07
2015-08-12,270.22,1213.0,43.3,13.61,2086.05
2015-08-13,264.14,1205.1,42.23,13.49,2083.39
2015-08-14,262.02,1202.3,42.5,12.83,2091.54
2015-08-17,258.01,1207.9,41.87,13.02,2102.44
2015-08-18,256.45,1206.3,42.62,13.79,2096.92
2015-08-19,230.38,1217.1,40.8,15.25,2079.61
2015-08-20,232.06,1242.2,41.14,19.14,2035.73
2015-08-21,234.56,1246.8,40.45,28.03,1970.89
2015-08-24,227.23,1238.9,38.24,40.74,1893.21
2015-08-25,203.18,1223.7,39.31,36.02,1867.61
2015-08-26,219.82,1209.0,38.6,30.32,1940.51
2015-08-27,224.54,1207.2,42.56,26.1,1987.66
2015-08-28,224.19,1218.4,45.22,26.05,1988.87
2015-08-31,227.18,1216.9,49.2,28.43,1972.18
2015-09-01,229.03,1221.3,45.41,31.4,1913.85
2015-09-02,226.29,1214.4,46.25,26.09,1948.86
2015-09-03,228.35,1203.5,46.75,25.61,1951.13
2015-09-04,227.15,1200.5,46.05,27.8,1921.22
2015-09-08,242.02,1199.9,45.94,24.9,1969.41
2015-09-09,244.31,1180.7,44.15,26.23,1942.04
2015-09-10,237.99,1187.9,45.92,24.37,1952.29
2015-09-11,240.56,1181.9,44.63,23.2,1961.05
2015-09-14,229.16,1185.7,44.0,24.25,1953.03
2015-09-15,230.51,1180.5,44.59,22.54,1978.09
2015-09-16,230.98,1196.3,47.15,21.35,1995.31
2015-09-17,229.59,1194.9,46.9,21.14,1990.2
2015-09-18,233.24,1214.1,44.68,22.28,1958.03
2015-09-21,230.75,1209.4,46.68,20.14,1966.97
2015-09-22,227.79,1199.6,45.83,22.44,1942.74
2015-09-23,231.31,1206.3,44.48,22.13,1938.76
2015-09-24,231.1,1226.9,44.91,23.47,1932.24
2015-09-25,233.74,1218.8,45.7,23.62,1931.34
2015-09-28,237.21,1204.4,44.43,27.63,1881.77
2015-09-29,238.57,1199.1,45.23,26.83,1884.09
2015-09-30,238.06,1183.6,45.09,24.5,1920.03
2015-10-01,237.15,1182.1,44.74,22.55,1923.82
2015-10-02,238.06,1204.2,45.54,20.94,1951.36
2015-10-05,238.82,1203.5,46.26,19.54,1987.05
2015-10-06,240.63,1211.3,48.53,19.4,1979.92
2015-10-07,246.5,1214.0,47.81,18.4,1995.83
2015-10-08,244.5,1209.9,49.43,17.42,2013.43
2015-10-09,243.26,1222.4,49.63,17.08,2014.89
2015-10-12,247.65,1231.1,47.1,16.17,2017.46
2015-10-13,244.58,1231.7,46.66,17.67,2003.69
2015-10-14,249.46,1243.6,46.64,18.03,1994.24
2015-10-15,254.64,1251.4,46.38,16.05,2023.86
2015-10-16,255.73,1246.6,47.26,15.05,2033.11
2015-10-19,264.99,1236.3,45.89,14.98,2033.66
2015-10-20,264.93,1240.9,45.55,15.75,2030.77
2015-10-21,270.5,1229.7,45.2,16.7,2018.94
2015-10-22,267.47,1228.2,45.38,14.45,2052.51
2015-10-23,274.25,1218.7,44.6,14.46,2075.15
2015-10-26,284.29,1220.3,43.98,15.29,2071.18
2015-10-27,287.83,1218.2,43.2,15.43,2065.89
2015-10-28,300.54,1229.3,45.94,14.33,2090.35
2015-10-29,304.33,1201.8,46.06,14.61,2089.41
2015-10-30,326.56,1195.2,46.59,15.07,2079.36
2015-11-02,325.65,1190.4,46.14,14.15,2104.05
2015-11-03,369.51,1168.6,47.9,14.54,2109.79
2015-11-04,432.46,1161.2,46.32,15.51,2102.31
2015-11-05,434.32,1160.1,45.2,15.05,2099.93
2015-11-06,359.59,1147.9,44.29,14.33,2099.2
2015-11-09,370.65,1149.2,43.87,16.52,2078.58
2015-11-10,376.95,1149.4,44.21,15.29,2081.72
2015-11-11,311.7,1145.4,42.93,16.06,2075.0
2015-11-12,320.04,1141.3,41.75,18.37,2045.97
2015-11-13,337.89,1141.3,40.74,20.08,2023.04
2015-11-16,320.06,1142.5,41.74,18.16,2053.19
2015-11-17,337.76,1126.9,40.67,18.84,2050.44
2015-11-18,333.33,1126.9,40.75,16.85,2083.58
2015-11-19,334.02,1135.6,40.54,16.99,2081.24
2015-11-20,315.63,1133.8,40.39,15.47,2089.17
2015-11-23,322.61,1124.7,41.75,15.62,2086.59
2015-11-24,320.99,1131.6,42.87,15.93,2089.14
2015-11-25,318.34,1128.4,43.04,15.19,2088.87
2015-11-27,349.14,1114.5,41.71,15.12,2090.11
2015-11-30,375.2,1123.9,41.65,16.13,2080.41
2015-12-01,377.8,1122.0,41.85,14.67,2102.63
2015-12-02,352.13,1112.4,39.94,15.91,2079.51
2015-12-03,366.79,1120.6,41.08,18.11,2049.62
2015-12-04,358.44,1143.2,39.97,14.81,2091.69
2015-12-07,391.62,1134.3,37.65,15.84,2077.07
2015-12-08,395.59,1134.0,37.51,17.6,2063.59
2015-12-09,421.42,1134.9,37.16,19.61,2047.62
2015-12-10,415.08,1130.3,36.76,19.34,2052.23
2015-12-11,421.81,1133.8,35.62,24.39,2012.37
2015-12-14,437.02,1121.4,36.31,22.73,2021.94
2015-12-15,453.68,1119.8,37.35,20.95,2043.41
2015-12-16,445.8,1135.3,35.52,17.86,2073.07
2015-12-17,451.1,1108.1,34.95,18.94,2041.89
2015-12-18,456.42,1123.3,34.73,20.7,2005.55
2015-12-21,435.64,1140.5,34.74,18.7,2021.15
2015-12-22,438.28,1134.0,36.14,16.6,2038.97
2015-12-23,437.99,1128.2,37.5,15.57,2064.29
2015-12-24,456.57,1135.9,38.1,15.74,2060.99
2015-12-28,427.82,1128.1,36.81,16.91,2056.5
2015-12-29,422.74,1128.6,37.87,16.08,2078.36
2015-12-30,431.03,1120.8,36.6,17.29,2063.36
2015-12-31,424.96,1121.0,37.04,18.21,2043.94
2016-01-04,431.69,1135.5,36.76,20.7,2012.66
2016-01-05,433.73,1138.4,35.97,19.34,2016.71
2016-01-06,427.16,1151.9,33.97,20.59,1990.26
2016-01-07,441.02,1162.7,33.27,24.99,1943.09
2016-01-08,457.17,1151.7,33.16,27.01,1922.03
2016-01-11,450.31,1148.5,31.41,24.3,1923.67
2016-01-12,446.61,1137.1,30.44,22.47,1938.68
2016-01-13,431.16,1137.4,30.48,25.22,1890.28
2016-01-14,431.41,1123.0,31.2,23.95,1921.84
2016-01-15,416.29,1137.5,29.42,27.02,1880.33
2016-01-19,382.74,1135.8,28.46,26.05,1881.33
2016-01-20,378.78,1151.7,26.55,27.59,1859.33
2016-01-21,417.44,1143.6,29.53,26.69,1868.99
2016-01-22,403.27,1142.6,32.19,22.34,1906.9
2016-01-25,397.88,1152.4,30.34,24.15,1877.08
2016-01-26,390.72,1167.3,31.45,22.5,1903.63
2016-01-27,392.39,1163.9,32.3,23.11,1882.95
2016-01-28,381.36,1163.7,33.22,22.42,1893.36
2016-01-29,369.13,1161.9,33.62,20.2,1940.24
2016-02-01,372.16,1173.5,31.62,19.98,1939.38
2016-02-02,372.45,1170.1,29.88,21.98,1903.03
2016-02-03,372.76,1183.3,32.28,21.65,1912.53
2016-02-04,370.43,1197.7,31.72,21.84,1915.45
2016-02-05,386.95,1198.0,30.89,23.38,1880.05
2016-02-08,376.92,1238.2,29.69,26.0,1853.44
2016-02-09,372.43,1236.9,27.94,26.54,1852.21
2016-02-10,374.76,1232.6,27.45,26.29,1851.86
2016-02-11,379.19,1282.1,26.21,28.14,1829.08
2016-02-12,378.58,1271.2,29.44,25.4,1864.78
2016-02-16,401.66,1241.1,29.04,24.11,1895.58
2016-02-17,407.02,1247.2,30.66,22.31,1926.82
2016-02-18,417.49,1262.5,30.77,21.64,1917.83
2016-02-19,421.96,1267.4,29.64,20.53,1917.78
2016-02-22,436.14,1246.7,31.48,19.38,1945.5
2016-02-23,438.74,1261.4,31.87,20.98,1921.27
2016-02-24,419.9,1277.1,32.15,20.72,1929.8
2016-02-25,422.62,1277.0,33.07,19.11,1951.7
2016-02-26,421.24,1258.8,32.78,19.81,1948.05
2016-02-29,438.28,1273.3,33.75,20.55,1932.23
2016-03-01,436.43,1271.2,34.4,17.7,1978.35
2016-03-02,434.0,1283.0,34.66,17.09,1986.45
2016-03-03,419.25,1300.7,34.57,16.7,1993.4
2016-03-04,421.6,1315.6,35.92,16.86,1999.99
2016-03-07,407.28,1310.3,37.9,17.35,2001.76
2016-03-08,414.21,1309.0,36.5,18.67,1979.26
2016-03-09,410.74,1303.4,38.29,18.34,1989.26
2016-03-10,411.67,1320.1,37.84,18.05,1989.57
2016-03-11,416.71,1308.6,38.5,16.5,2022.19
2016-03-14,414.21,1294.4,37.18,16.92,2019.64
2016-03-15,416.03,1280.2,36.34,16.84,2015.93
2016-03-16,414.17,1280.9,38.46,14.99,2027.22
2016-03-17,417.14,1314.1,40.2,14.44,2040.59
2016-03-18,417.15,1302.0,39.44,14.02,2049.58
2016-03-21,407.5,1292.7,39.91,13.79,2051.6
2016-03-22,415.12,1298.8,41.45,14.17,2049.8
2016-03-23,417.32,1274.0,39.79,14.94,2036.71
2016-03-24,415.84,1272.4,39.46,14.74,2035.94
2016-03-28,424.3,1270.7,39.39,15.24,2037.05
2016-03-29,423.6,1286.3,38.28,13.82,2055.01
2016-03-30,414.61,1276.9,38.32,13.56,2063.95
2016-03-31,414.46,1280.9,38.34,13.95,2059.74
2016-04-01,416.01,1268.9,36.79,13.1,2072.78
2016-04-04,418.59,1264.7,35.7,14.12,2066.13
2016-04-05,422.04,1274.5,35.89,15.42,2045.17
2016-04-06,422.29,1268.8,37.75,14.09,2066.66
2016-04-07,420.55,1282.3,37.26,16.16,2041.91
2016-04-08,421.62,1287.3,39.72,15.36,2047.6
2016-04-11,421.19,1302.4,40.36,16.26,2041.99
2016-04-12,426.38,1306.4,42.17,14.85,2061.72
2016-04-13,426.84,1293.9,41.76,13.84,2082.42
2016-04-14,425.49,1272.1,41.5,13.72,2082.78
2016-04-15,426.28,1279.7,40.36,13.62,2080.73
2016-04-18,429.32,1280.3,39.78,13.35,2094.34
2016-04-19,428.52,1300.8,41.08,13.24,2100.8
2016-04-20,435.93,1302.3,42.63,13.28,2102.4
2016-04-21,443.76,1299.5,43.18,13.95,2091.48
2016-04-22,446.78,1278.8,43.73,13.22,2091.58
2016-04-25,458.63,1289.1,42.64,14.08,2087.79
2016-04-26,464.43,1292.4,44.04,13.96,2091.7
2016-04-27,466.06,1299.8,45.33,13.77,2095.15
2016-04-28,441.3,1316.8,46.03,15.22,2075.81
2016-04-29,446.24,1341.4,45.92,15.7,2065.3
2016-05-02,453.07,1347.3,44.78,14.68,2081.43
2016-05-03,443.68,1342.8,43.65,15.6,2063.37
2016-05-04,449.16,1324.3,43.78,16.05,2051.12
2016-05-05,447.74,1317.8,44.32,15.91,2050.63
2016-05-06,447.59,1340.1,44.66,14.72,2057.14
2016-05-09,458.71,1312.9,43.44,14.57,2058.69
2016-05-10,460.95,1311.3,44.66,13.63,2084.39
2016-05-11,454.39,1322.6,46.23,14.69,2064.46
2016-05-12,451.16,1317.7,46.7,14.41,2064.11
2016-05-13,453.7,1319.5,46.21,15.04,2046.61
2016-05-16,457.64,1321.8,47.72,14.68,2066.66
2016-05-17,454.28,1324.9,48.31,15.57,2047.21
2016-05-18,454.06,1324.3,48.19,15.95,2047.63
2016-05-19,453.49,1305.9,48.16,16.33,2040.04
2016-05-20,440.23,1305.9,47.75,15.2,2052.32
2016-05-23,440.55,1304.9,48.08,15.82,2048.04
2016-05-24,444.49,1282.7,48.62,14.42,2076.06
2016-05-25,447.04,1277.4,49.56,13.9,2090.54
2016-05-26,448.28,1273.6,49.48,13.43,2090.1
2016-05-27,467.26,1267.6,49.33,13.12,2099.06
2016-05-31,537.23,1269.3,49.1,14.19,2096.95
2016-06-01,528.05,1267.2,49.01,14.2,2099.33
2016-06-02,538.57,1264.9,49.17,13.63,2105.26
2016-06-03,537.18,1294.6,48.62,13.47,2099.13
2016-06-06,578.85,1299.4,49.69,13.65,2109.41
2016-06-07,585.4,1298.8,50.36,14.05,2112.13
2016-06-08,576.23,1314.0,51.23,14.08,2119.12
2016-06-09,580.44,1324.4,50.56,14.64,2115.48
2016-06-10,574.95,1327.7,49.07,17.03,2096.07
2016-06-13,682.23,1337.7,48.88,20.97,2079.06
2016-06-14,695.16,1335.2,48.49,20.5,2075.32
2016-06-15,685.44,1335.0,48.01,20.14,2071.5
2016-06-16,732.36,1345.6,46.21,19.37,2077.99
2016-06-17,773.25,1342.9,47.98,19.41,2071.22
2016-06-20,758.9,1344.2,49.37,18.37,2083.25
2016-06-21,702.7,1324.6,48.85,18.48,2088.9
2016-06-22,657.01,1322.1,49.13,21.17,2085.45
2016-06-23,581.25,1317.7,50.11,17.25,2113.32
2016-06-24,657.09,1376.8,47.64,25.76,2037.41
2016-06-27,644.09,1378.8,46.33,23.85,2000.54
2016-06-28,655.94,1372.2,47.85,18.75,2036.09
2016-06-29,634.36,1381.4,49.88,16.64,2070.77
2016-06-30,635.09,1375.0,48.33,15.63,2098.86
2016-07-01,683.29,1394.3,48.99,14.77,2102.95
2016-07-05,679.35,1414.4,46.6,15.58,2088.55
2016-07-06,676.87,1422.8,47.43,14.96,2099.73
2016-07-07,671.81,1415.0,45.14,14.76,2097.9
2016-07-08,640.48,1412.0,45.41,13.2,2129.9
2016-07-11,656.75,1411.3,44.76,13.54,2137.16
2016-07-12,648.14,1390.7,46.8,13.55,2152.14
2016-07-13,663.44,1399.0,44.75,13.04,2152.43
2016-07-14,654.02,1387.7,45.68,12.82,2163.75
2016-07-15,663.64,1383.5,45.95,12.67,2161.74
2016-07-18,681.24,1385.4,45.24,12.44,2166.89
2016-07-19,673.83,1392.3,44.65,11.97,2163.78
2016-07-20,673.01,1379.7,44.94,11.77,2173.02
2016-07-21,662.03,1392.2,44.75,12.74,2165.17
2016-07-22,666.75,1385.5,44.19,12.02,2175.03
2016-07-25,660.28,1381.3,43.13,12.87,2168.48
2016-07-26,655.42,1382.6,42.92,13.05,2169.18
2016-07-27,650.83,1392.0,41.92,12.83,2166.58
2016-07-28,656.92,1398.8,41.14,12.72,2170.06
2016-07-29,655.43,1415.7,41.6,11.87,2173.6
2016-08-01,621.37,1416.2,40.06,12.44,2170.84
2016-08-02,601.23,1429.4,39.51,13.37,2157.03
2016-08-03,555.93,1423.9,40.83,12.86,2163.79
2016-08-04,578.52,1427.9,41.93,12.42,2164.25
2016-08-05,570.34,1407.9,41.8,11.39,2182.87
2016-08-08,589.66,1405.3,43.02,11.5,2180.89
2016-08-09,586.72,1410.6,42.77,11.66,2181.74
2016-08-10,585.24,1415.6,41.71,12.05,2175.49
2016-08-11,594.82,1414.0,43.49,11.68,2185.79
2016-08-12,581.96,1406.8,44.49,11.55,2184.05
2016-08-15,571.96,1410.6,45.74,11.81,2190.15
2016-08-16,567.61,1419.0,46.58,12.64,2178.15
2016-08-17,575.54,1410.6,46.79,12.19,2182.22
2016-08-18,572.37,1419.1,48.22,11.43,2187.02
2016-08-19,573.02,1408.0,48.52,11.34,2183.87
2016-08-22,579.67,1405.2,47.05,12.27,2182.64
2016-08-23,585.51,1407.8,48.1,12.38,2186.9
2016-08-24,577.99,1390.4,46.77,13.45,2175.44
2016-08-25,574.58,1384.0,47.33,13.63,2172.47
2016-08-26,575.06,1383.2,47.64,13.65,2169.04
2016-08-29,574.5,1384.4,46.98,12.94,2180.38
2016-08-30,571.94,1374.5,46.35,13.12,2176.12
2016-08-31,573.78,1367.9,44.7,13.42,2170.95
2016-09-01,572.96,1372.6,43.16,13.48,2170.86
2016-09-02,570.1,1385.3,44.44,11.98,2179.98
2016-09-06,604.46,1411.1,44.83,12.02,2186.48
2016-09-07,609.43,1407.1,45.5,11.94,2186.16
2016-09-08,613.67,1400.2,47.62,12.51,2181.3
2016-09-09,623.6,1393.1,45.88,17.5,2127.81
2016-09-12,604.83,1384.4,46.29,15.16,2159.04
2016-09-13,607.04,1380.8,44.9,17.85,2127.02
2016-09-14,606.88,1383.3,43.58,18.14,2125.77
2016-09-15,606.9,1374.9,43.91,16.3,2147.26
2016-09-16,605.52,1367.1,43.03,15.37,2139.16
2016-09-19,609.37,1374.4,43.3,15.53,2139.12
2016-09-20,606.72,1374.7,43.44,15.92,2139.76
2016-09-21,595.93,1388.3,45.34,13.3,2163.12
2016-09-22,596.22,1399.2,46.32,12.02,2177.18
2016-09-23,595.02,1396.0,44.48,12.29,2164.69
2016-09-26,598.91,1398.6,45.93,14.5,2146.1
2016-09-27,605.02,1384.4,44.67,13.1,2159.93
2016-09-28,602.88,1376.7,47.05,12.39,2171.37
2016-09-29,603.58,1379.1,47.83,14.02,2151.13
2016-09-30,604.52,1370.4,48.24,13.29,2168.27
2016-10-03,611.89,1365.9,48.81,13.57,2161.2
2016-10-04,609.5,1322.1,48.69,13.63,2150.49
2016-10-05,608.12,1321.3,49.83,12.99,2159.73
2016-10-06,610.57,1305.5,50.44,12.84,2160.77
2016-10-07,610.23,1304.5,49.81,13.48,2153.74
2016-10-11,618.33,1309.5,50.79,15.36,2136.73
2016-10-12,637.22,1307.7,50.18,15.91,2139.18
2016-10-13,637.74,1312.3,50.44,16.69,2132.55
2016-10-14,635.88,1310.4,50.35,16.12,2132.98
2016-10-17,636.64,1311.8,49.94,16.21,2126.5
2016-10-18,637.02,1318.6,50.29,15.28,2139.6
2016-10-19,634.6,1325.2,51.6,14.41,2144.29
2016-10-20,626.37,1323.5,50.43,13.75,2141.34
2016-10-21,629.61,1323.0,50.85,13.34,2141.16
2016-10-24,647.69,1317.2,50.52,13.02,2151.33
2016-10-25,652.24,1331.6,49.96,13.46,2143.16
2016-10-26,657.06,1324.6,49.18,14.24,2139.43
2016-10-27,684.38,1330.0,49.72,15.36,2133.04
2016-10-28,684.3,1337.1,48.7,16.19,2126.41
2016-10-31,693.9,1333.7,46.86,17.06,2126.15
2016-11-01,708.96,1348.0,46.67,18.56,2111.72
2016-11-02,725.69,1368.0,45.34,19.32,2097.94
2016-11-03,741.85,1363.8,44.66,22.08,2088.66
2016-11-04,701.22,1365.7,44.07,22.51,2085.18
2016-11-07,705.47,1340.4,44.89,18.71,2131.52
2016-11-08,706.13,1336.2,44.98,18.74,2139.56
2016-11-09,728.36,1335.7,45.27,14.38,2163.26
2016-11-10,719.25,1326.6,44.66,14.74,2167.48
2016-11-14,704.62,1286.9,43.32,14.48,2164.2
2016-11-15,711.4,1290.9,45.81,13.37,2180.39
2016-11-16,710.93,1290.3,45.57,13.72,2176.94
2016-11-17,745.93,1283.8,45.42,13.35,2187.12
2016-11-18,738.66,1276.4,45.69,12.85,2181.9
2016-11-21,730.36,1276.8,47.49,12.42,2198.18
2016-11-22,734.84,1278.0,48.03,12.41,2202.94
2016-11-23,745.98,1256.9,47.96,12.43,2204.72
2016-11-25,730.31,1245.5,46.06,12.34,2213.35
2016-11-28,731.9,1258.6,47.08,13.15,2201.72
2016-11-29,731.13,1255.5,45.23,12.9,2204.66
2016-11-30,731.64,1238.4,49.44,13.33,2198.81
2016-12-01,744.1,1233.7,51.06,14.07,2191.08
2016-12-02,766.59,1242.4,51.68,14.12,2191.95
2016-12-05,760.1,1241.7,51.79,12.14,2204.71
2016-12-06,754.83,1235.0,50.93,11.79,2212.23
2016-12-07,758.35,1250.6,49.77,12.22,2241.35
2016-12-08,763.24,1246.4,50.84,12.64,2246.19
2016-12-09,766.87,1236.0,51.5,11.75,2259.53
2016-12-12,769.83,1240.3,52.83,12.64,2256.96
2016-12-13,774.39,1233.6,52.98,12.72,2271.72
2016-12-14,778.36,1238.3,51.04,13.19,2253.28
2016-12-15,776.98,1213.1,50.9,12.79,2262.03
2016-12-16,776.42,1220.9,51.9,12.2,2258.07
2016-12-19,791.0,1225.9,52.12,11.71,2262.53
2016-12-20,789.23,1217.0,52.23,11.45,2270.76
2016-12-21,805.8,1216.5,52.49,11.27,2265.18
2016-12-22,842.64,1213.8,52.95,11.43,2260.96
2016-12-23,910.93,1216.8,53.02,11.44,2263.79
2016-12-27,900.37,1221.9,53.9,11.99,2268.88
2016-12-28,948.9,1224.0,54.06,12.95,2249.92
2016-12-29,971.64,1241.2,53.77,13.37,2249.26
2016-12-30,954.84,1234.5,53.72,14.04,2238.83
2017-01-03,1028.33,1244.7,52.33,12.85,2257.83
2017-01-04,1047.1,1247.1,53.26,11.85,2270.75
2017-01-05,1140.38,1262.1,53.76,11.67,2269.0
2017-01-06,985.94,1255.7,53.99,11.32,2276.98
2017-01-09,889.34,1267.6,51.96,11.56,2268.9
2017-01-10,905.23,1268.5,50.82,11.49,2268.9
2017-01-11,910.61,1280.0,52.25,11.26,2275.32
2017-01-12,772.66,1283.3,53.01,11.54,2270.44
2017-01-13,784.89,1281.3,52.37,11.23,2274.64
2017-01-17,848.58,1297.4,52.48,11.87,2267.89
2017-01-18,890.29,1295.7,51.08,12.48,2271.89
2017-01-19,888.06,1285.5,51.37,12.78,2263.69
2017-01-20,896.16,1289.2,52.42,11.54,2271.31
2017-01-23,920.36,1298.9,52.75,11.77,2265.2
2017-01-24,912.21,1294.1,53.18,11.07,2280.07
2017-01-25,898.55,1281.1,52.75,10.81,2298.37
2017-01-26,901.05,1272.9,53.78,10.63,2296.68
2017-01-27,912.84,1271.7,53.17,10.58,2294.69
2017-01-30,916.91,1276.4,52.63,11.88,2280.9
2017-01-31,921.35,1291.8,52.81,11.99,2278.87
2017-02-01,973.06,1289.5,53.88,11.81,2279.55
2017-02-02,982.83,1300.6,53.54,11.93,2280.85
2017-02-03,1020.09,1302.2,53.83,10.97,2297.42
2017-02-06,1019.31,1313.3,53.01,11.37,2292.56
2017-02-07,1029.41,1316.4,52.17,11.29,2293.08
2017-02-08,1067.71,1318.3,52.34,11.45,2294.67
2017-02-09,1072.2,1315.4,53.0,10.88,2307.87
2017-02-10,974.96,1314.5,53.86,10.85,2316.1
2017-02-13,1004.85,1304.9,52.93,11.07,2328.25
2017-02-14,994.58,1304.9,53.2,10.74,2337.58
2017-02-15,1003.59,1314.2,53.11,11.97,2349.25
2017-02-16,1018.41,1322.7,53.36,11.76,2347.22
2017-02-17,1038.87,1319.4,53.4,11.49,2351.16
2017-02-21,1079.58,1319.2,54.06,11.57,2365.38
2017-02-22,1112.86,1313.3,53.59,11.74,2362.82
2017-02-23,1122.52,1331.7,54.45,11.71,2363.81
2017-02-24,1193.5,1338.4,53.99,11.47,2367.34
2017-02-27,1189.37,1339.1,54.05,12.09,2369.75
2017-02-28,1189.95,1334.3,54.01,12.92,2363.64
2017-03-01,1193.61,1331.1,53.83,12.54,2395.96
2017-03-02,1221.05,1313.9,52.61,11.81,2381.92
2017-03-03,1269.78,1308.8,53.33,10.96,2383.12
2017-03-06,1273.25,1307.3,53.2,11.24,2375.31
2017-03-07,1280.3,1297.7,53.14,11.45,2368.39
2017-03-08,1206.36,1291.9,50.28,11.86,2362.98
2017-03-09,1153.06,1285.7,49.28,12.3,2364.87
2017-03-10,1200.56,1284.0,48.49,11.66,2372.6
2017-03-13,1235.55,1286.6,48.4,11.35,2373.47
2017-03-14,1242.81,1286.3,47.72,12.3,2365.45
2017-03-15,1245.89,1284.3,48.86,11.63,2385.26
2017-03-16,1247.67,1310.7,48.75,11.21,2381.38
2017-03-17,1126.08,1313.6,48.78,11.28,2378.25
2017-03-20,1036.23,1317.2,48.22,11.34,2373.47
2017-03-21,1065.48,1329.0,47.34,12.47,2344.02
2017-03-22,1091.33,1331.5,48.04,12.81,2348.45
2017-03-23,1036.1,1328.5,47.7,13.12,2345.96
2017-03-24,1013.84,1330.4,47.97,12.96,2343.98
2017-03-27,968.29,1337.4,47.73,12.5,2341.59
2017-03-28,1035.32,1337.5,48.37,11.53,2358.57
2017-03-29,1011.97,1335.5,49.51,11.42,2361.13
2017-03-30,1041.37,1326.7,50.35,11.54,2368.06
2017-03-31,1048.86,1329.8,50.6,12.37,2362.72
2017-04-03,1140.04,1332.7,50.24,12.38,2358.84
2017-04-04,1148.09,1336.8,51.03,11.79,2360.16
2017-04-05,1139.86,1327.5,51.15,12.89,2352.95
2017-04-06,1150.68,1332.4,51.7,12.39,2357.49
2017-04-07,1177.28,1336.8,52.24,12.87,2355.54
2017-04-10,1213.8,1333.3,53.08,14.05,2357.16
2017-04-11,1206.74,1353.4,53.4,15.07,2353.78
2017-04-12,1226.9,1357.3,53.11,15.77,2344.93
2017-04-13,1216.27,1366.7,53.18,15.96,2328.95
2017-04-17,1184.2,1369.8,52.65,14.66,2349.01
2017-04-18,1211.74,1370.9,52.41,14.42,2342.19
2017-04-19,1218.67,1360.5,50.44,14.93,2338.17
2017-04-20,1227.98,1361.7,50.27,14.15,2355.84
2017-04-21,1261.7,1367.0,49.62,14.63,2348.69
2017-04-24,1243.43,1355.8,49.23,10.84,2374.15
2017-04-25,1251.58,1346.0,49.56,10.76,2388.61
2017-04-26,1269.7,1343.0,49.62,10.85,2387.45
2017-04-27,1289.75,1344.7,48.97,10.36,2388.77
2017-04-28,1335.82,1347.1,49.33,10.82,2384.2
2017-05-01,1370.79,1334.6,48.84,10.11,2388.33
2017-05-02,1416.61,1336.1,47.66,10.59,2391.17
2017-05-03,1448.89,1327.6,47.82,10.68,2388.13
2017-05-04,1506.77,1307.4,45.52,10.46,2389.52
2017-05-05,1543.31,1305.8,46.22,10.57,2399.29
2017-05-08,1564.06,1306.1,46.43,9.77,2399.38
2017-05-09,1644.73,1295.1,45.88,9.96,2396.92
2017-05-10,1695.83,1297.6,47.33,10.21,2399.63
2017-05-11,1748.35,1302.9,47.83,10.6,2394.44
2017-05-12,1774.52,1305.7,47.84,10.4,2390.9
2017-05-15,1747.04,1308.0,48.85,10.42,2402.32
2017-05-16,1665.03,1314.4,48.66,10.65,2400.67
2017-05-17,1744.44,1336.2,49.07,15.59,2357.03
2017-05-18,1796.9,1329.2,49.35,14.66,2365.72
2017-05-19,1913.14,1329.9,50.33,12.04,2381.73
2017-05-22,2114.99,1338.0,50.73,10.93,2394.02
2017-05-23,2196.67,1332.1,51.47,10.72,2398.42
2017-05-24,2348.55,1329.7,51.36,10.02,2404.39
2017-05-25,2581.85,1333.3,48.9,9.99,2415.07
2017-05-26,2460.95,1344.8,49.8,9.81,2415.82
2017-05-30,2315.74,1339.1,49.66,10.38,2412.91
2017-05-31,2170.98,1348.5,48.32,10.41,2411.8
2017-06-01,2402.12,1343.2,48.36,9.89,2430.06
2017-06-02,2477.17,1353.1,47.66,9.75,2439.07
2017-06-05,2605.12,1355.6,47.4,10.07,2436.1
2017-06-06,2855.03,1370.0,48.19,10.45,2429.33
2017-06-07,2900.85,1365.6,45.72,10.39,2433.14
2017-06-08,2737.9,1351.9,45.64,10.16,2433.79
2017-06-09,2826.04,1343.9,45.83,10.7,2431.77
2017-06-12,3007.01,1341.5,46.08,11.46,2429.39
2017-06-13,2697.08,1341.2,46.46,10.42,2440.35
2017-06-14,2780.18,1348.2,44.73,10.64,2437.92
2017-06-15,2518.55,1326.8,44.46,10.9,2432.46
2017-06-16,2438.62,1328.5,44.74,10.38,2433.15
2017-06-19,2611.68,1318.8,44.2,10.37,2453.46
2017-06-20,2667.55,1315.2,43.23,10.86,2437.03
2017-06-21,2805.1,1317.1,42.53,10.75,2435.61
2017-06-22,2702.0,1320.4,42.74,10.48,2434.5
2017-06-23,2763.29,1327.7,43.01,10.02,2438.3
2017-06-26,2630.59,1317.7,43.38,9.9,2439.07
2017-06-27,2513.43,1318.4,44.24,11.06,2419.38
2017-06-28,2556.17,1320.8,44.74,10.03,2440.69
2017-06-29,2591.27,1317.7,44.93,11.44,2419.7
2017-06-30,2547.32,1314.0,46.04,11.18,2423.41
2017-07-03,2513.74,1290.9,45.43,11.22,2429.01
2017-07-05,2588.68,1293.9,45.13,11.07,2432.54
2017-07-06,2634.17,1296.7,45.52,12.54,2409.75
2017-07-07,2598.57,1282.4,44.23,11.19,2425.18
2017-07-10,2524.13,1286.0,44.4,11.11,2427.43
2017-07-11,2352.26,1287.7,45.04,10.89,2425.53
2017-07-12,2292.91,1291.2,45.49,10.3,2443.25
2017-07-13,2437.55,1288.5,46.08,9.9,2447.83
2017-07-14,2337.68,1298.8,46.54,9.51,2459.27
2017-07-17,1986.94,1305.4,46.02,9.82,2459.14
2017-07-18,2189.24,1313.5,46.4,9.89,2460.61
2017-07-19,2354.89,1313.7,47.12,9.79,2473.83
2017-07-20,2349.36,1317.1,46.79,9.58,2473.45
2017-07-21,2740.57,1325.9,45.77,9.36,2472.54
2017-07-24,2772.37,1325.4,46.34,9.43,2469.91
2017-07-25,2768.8,1323.2,47.89,9.43,2477.13
2017-07-26,2540.21,1322.4,48.75,9.6,2477.83
2017-07-27,2570.2,1333.7,49.04,10.11,2475.42
2017-07-28,2699.72,1342.6,49.71,10.29,2472.1
2017-07-31,2718.62,1340.7,50.17,10.26,2470.3
2017-08-01,2867.65,1346.3,49.16,10.09,2476.35
2017-08-02,2739.71,1345.5,49.59,10.28,2477.57
2017-08-03,2740.07,1341.6,49.03,10.44,2472.16
2017-08-04,2811.71,1331.7,49.58,10.03,2476.83
2017-08-07,3274.64,1332.0,49.39,9.93,2480.91
2017-08-08,3474.76,1330.4,49.17,10.96,2474.92
2017-08-09,3416.18,1347.0,49.56,11.11,2474.02
2017-08-10,3364.41,1357.8,48.59,16.04,2438.21
2017-08-11,3451.85,1361.4,48.82,15.51,2441.32
2017-08-14,4036.76,1358.1,47.59,12.33,2465.84
2017-08-15,4462.68,1347.5,47.55,12.04,2464.61
2017-08-16,4118.9,1350.8,46.78,11.74,2468.11
2017-08-17,4322.42,1359.9,47.09,15.55,2430.01
2017-08-18,4311.69,1358.8,48.51,14.26,2425.55
2017-08-21,4110.94,1364.1,47.37,13.19,2428.37
2017-08-22,3911.28,1358.6,47.64,11.35,2452.51
2017-08-23,4162.79,1361.7,48.41,12.25,2444.04
2017-08-24,4178.76,1358.9,47.43,12.23,2438.97
2017-08-25,4396.03,1364.8,47.87,11.28,2443.05
2017-08-28,4340.46,1382.6,46.57,11.32,2444.24
2017-08-29,4442.66,1385.7,46.44,11.7,2446.3
2017-08-30,4664.64,1380.9,45.96,11.22,2457.59
2017-08-31,4676.14,1388.5,47.23,10.59,2471.65
2017-09-01,4783.17,1397.1,47.29,10.13,2476.55
2017-09-05,4160.54,1411.2,48.66,12.23,2457.85
2017-09-06,4517.57,1405.9,49.16,11.63,2465.54
2017-09-07,4543.1,1418.0,49.09,11.55,2465.1
2017-09-08,4628.6,1419.3,47.48,12.12,2461.43
2017-09-11,4307.83,1404.1,48.07,10.73,2488.11
2017-09-12,4295.76,1401.8,48.23,10.58,2496.48
2017-09-13,3944.58,1396.7,49.3,10.5,2498.37
2017-09-14,3817.06,1399.2,49.89,10.44,2495.62
2017-09-15,3358.11,1395.1,49.89,10.17,2500.23
2017-09-18,3764.62,1380.3,49.91,10.15,2503.87
2017-09-19,3976.39,1382.6,49.48,10.18,2506.65
2017-09-20,3863.19,1388.3,50.41,9.78,2508.24
2017-09-21,3827.68,1366.7,50.55,9.67,2500.6
2017-09-22,3690.99,1369.4,50.66,9.59,2502.22
2017-09-25,3753.44,1383.5,52.22,10.21,2496.66
2017-09-26,3920.99,1374.1,51.88,10.17,2496.84
2017-09-27,3939.52,1360.7,52.14,9.87,2507.04
2017-09-28,4220.28,1361.3,51.56,9.55,2510.06
2017-09-29,4062.2,1357.6,51.67,9.51,2519.36
2017-10-02,4414.18,1350.1,50.58,9.45,2529.12
2017-10-03,4424.47,1348.8,50.42,9.51,2534.58
2017-10-04,4307.56,1351.0,49.98,9.63,2537.74
2017-10-05,4186.78,1348.3,50.79,9.19,2552.07
2017-10-06,4325.24,1350.0,49.29,9.65,2549.33
2017-10-09,4624.35,1360.4,49.58,10.33,2544.73
2017-10-10,4789.3,1369.4,50.92,10.08,2550.64
2017-10-11,4741.71,1364.5,51.3,9.85,2555.24
2017-10-12,4858.6,1372.3,50.6,9.91,2550.93
2017-10-13,5728.55,1380.4,51.45,9.61,2553.17
2017-10-16,5607.01,1379.7,51.87,9.91,2557.64
2017-10-17,5643.55,1362.5,51.88,10.31,2559.36
2017-10-18,5495.04,1359.3,52.04,10.07,2561.26
2017-10-19,5627.09,1365.9,51.29,10.05,2562.1
2017-10-20,5686.53,1356.2,51.47,9.97,2575.21
2017-10-23,5969.8,1356.9,51.9,11.07,2564.98
2017-10-24,5649.0,1354.2,52.47,11.16,2569.13
2017-10-25,5550.86,1355.5,52.18,11.23,2557.15
2017-10-26,5776.88,1346.5,52.64,11.3,2560.4
2017-10-27,5923.71,1349.1,53.9,9.8,2581.07
2017-10-30,6151.32,1354.9,54.15,10.5,2572.83
2017-10-31,6130.56,1347.7,54.38,10.18,2575.26
2017-11-01,6424.52,1354.6,54.3,10.2,2579.36
2017-11-02,6879.36,1355.4,54.54,9.93,2579.85
2017-11-03,7199.24,1346.9,55.64,9.14,2587.84
2017-11-06,7231.93,1359.7,57.35,9.4,2591.13
2017-11-07,7123.89,1353.9,57.2,9.89,2590.64
2017-11-08,7356.51,1362.3,56.81,9.78,2594.38
2017-11-09,7342.82,1366.8,57.17,10.5,2584.62
2017-11-10,7250.77,1354.5,56.74,11.29,2582.3
2017-11-13,5969.13,1360.4,56.76,11.5,2584.84
2017-11-14,6666.27,1364.2,55.7,11.59,2578.87
2017-11-15,6867.43,1358.7,55.33,13.13,2564.62
2017-11-16,7259.3,1359.4,55.14,11.76,2585.64
2017-11-17,7924.18,1378.0,56.55,11.43,2578.85
2017-11-20,7954.77,1357.6,56.09,10.65,2582.14
2017-11-21,7879.06,1364.8,56.83,9.73,2599.03
2017-11-22,8150.63,1376.4,58.02,9.88,2597.08
2017-11-24,8094.44,1371.6,58.05,9.67,2602.42
2017-11-27,9573.97,1378.7,58.11,9.87,2601.42
2017-11-28,9713.1,1379.0,57.99,10.03,2627.04
2017-11-29,10295.62,1366.4,57.3,10.7,2626.07
2017-11-30,10542.66,1357.3,57.4,11.28,2647.58
2017-12-01,9706.1,1362.8,58.36,11.43,2642.22
2017-12-04,11382.21,1358.0,57.47,11.68,2639.44
2017-12-05,11597.23,1345.1,57.62,11.33,2629.57
2017-12-06,12230.36,1346.2,55.96,11.02,2629.27
2017-12-07,13734.52,1333.0,56.69,10.16,2636.98
2017-12-08,16403.42,1328.1,57.36,9.58,2651.5
2017-12-11,16299.3,1326.8,57.99,9.34,2659.99
2017-12-12,16374.9,1321.9,57.14,9.92,2664.11
2017-12-13,16678.29,1328.7,56.6,10.18,2662.85
2017-12-14,16246.14,1337.2,57.04,10.49,2652.01
2017-12-15,17221.65,1337.4,57.3,9.42,2675.81
2017-12-18,18640.26,1345.6,57.16,9.53,2690.16
2017-12-19,18984.77,1344.8,57.46,10.03,2681.47
2017-12-20,16862.57,1350.4,58.09,9.72,2679.25
2017-12-21,16925.02,1351.3,58.36,9.62,2684.57
2017-12-22,14182.46,1359.8,58.47,9.9,2683.34
2017-12-26,14652.37,1368.5,59.97,10.25,2680.5
2017-12-27,15846.07,1372.3,59.64,10.47,2682.62
2017-12-28,14362.4,1379.4,59.84,10.18,2687.54
2017-12-29,14867.57,1391.9,60.42,11.04,2673.61
2018-01-02,13337.62,1400.1,60.37,9.77,2695.81
2018-01-03,14881.54,1404.0,61.63,9.15,2713.06
2018-01-04,15104.45,1407.3,62.01,9.22,2723.99
2018-01-05,14953.85,1408.3,61.44,9.22,2743.15
2018-01-08,15632.41,1407.4,61.73,9.52,2747.71
2018-01-09,15242.94,1401.3,62.96,10.08,2751.29
2018-01-10,14122.82,1408.3,63.57,9.82,2748.23
2018-01-11,13269.6,1411.4,63.8,9.88,2767.56
2018-01-12,13633.36,1425.7,64.3,10.16,2786.24
2018-01-16,12915.12,1428.1,63.73,11.66,2776.42
2018-01-17,10870.17,1431.0,63.97,11.91,2802.56
2018-01-18,11340.65,1419.0,63.95,12.22,2798.03
2018-01-19,11137.37,1425.9,63.37,11.27,2810.3
2018-01-22,11508.62,1429.6,63.49,11.03,2832.97
2018-01-23,10872.9,1434.2,64.47,11.1,2839.13
2018-01-24,10830.93,1456.3,65.61,11.47,2837.54
2018-01-25,11629.38,1463.1,65.51,11.58,2839.25
2018-01-26,11524.34,1453.7,66.14,11.08,2872.87
2018-01-29,11412.79,1441.3,65.56,13.84,2853.53
2018-01-30,10917.15,1436.2,64.5,14.79,2822.43
2018-01-31,9914.47,1439.4,64.73,13.54,2823.81
2018-02-01,9970.31,1445.1,65.8,13.47,2821.98
2018-02-02,8715.59,1434.6,65.45,17.31,2762.13
2018-02-05,8136.39,1432.9,64.15,37.32,2648.94
2018-02-06,6332.37,1425.4,63.39,29.98,2695.14
2018-02-07,7270.51,1410.7,61.79,27.73,2681.66
2018-02-08,7987.28,1414.8,61.15,33.46,2581.0
2018-02-09,8086.77,1410.1,59.2,29.06,2619.55
2018-02-12,8478.92,1420.9,59.29,25.61,2656.0
2018-02-13,8766.85,1424.8,59.19,24.97,2662.94
2018-02-14,8693.25,1452.9,60.6,19.26,2698.63
2018-02-15,9659.29,1451.5,61.34,19.13,2731.2
2018-02-16,10110.84,1452.8,61.68,19.46,2732.22
2018-02-20,11416.04,1428.4,61.9,20.6,2716.26
2018-02-21,10928.02,1430.6,61.68,20.02,2701.33
2018-02-22,10727.95,1431.4,62.77,18.72,2703.96
2018-02-23,9809.72,1429.0,63.55,16.49,2747.3
2018-02-26,9627.72,1433.1,63.91,15.8,2779.6
2018-02-27,10272.9,1419.6,63.01,18.59,2744.28
2018-02-28,10903.02,1419.2,61.64,19.85,2713.83
2018-03-01,10352.05,1406.0,60.99,22.47,2677.67
2018-03-02,11100.29,1424.2,61.25,19.59,2691.25
2018-03-05,11558.48,1420.5,62.57,18.73,2720.94
2018-03-06,11246.75,1435.9,62.6,18.36,2728.12
2018-03-07,10735.89,1427.9,61.15,17.76,2726.8
2018-03-08,9552.76,1423.7,60.12,16.54,2738.97
2018-03-09,8980.19,1428.0,62.04,14.64,2786.57
2018-03-12,9433.47,1424.8,61.36,15.78,2783.02
2018-03-13,9047.51,1431.4,60.71,16.35,2765.31
2018-03-14,9260.71,1429.7,60.96,17.23,2749.48
2018-03-15,7895.99,1421.7,61.19,16.59,2747.33
2018-03-16,8039.6,1416.3,62.34,15.8,2752.01
2018-03-19,8189.49,1421.7,62.06,19.02,2712.92
2018-03-20,8597.34,1416.2,63.4,18.2,2716.94
2018-03-21,9028.3,1426.6,65.17,17.86,2711.93
2018-03-22,9023.72,1432.2,64.3,23.34,2643.69
2018-03-23,8411.65,1455.0,65.88,24.87,2588.26
2018-03-26,8429.33,1461.0,65.55,21.03,2658.55
2018-03-27,7854.64,1447.8,65.25,22.5,2612.62
2018-03-28,7863.26,1428.9,64.38,22.87,2605.0
2018-03-29,7866.36,1426.0,64.94,19.97,2640.87
2018-04-02,6986.84,1445.8,63.01,23.62,2581.88
2018-04-03,7182.12,1436.5,63.51,21.1,2614.45
2018-04-04,7295.89,1439.7,63.37,20.06,2644.69
2018-04-05,6769.48,1428.1,63.54,18.94,2662.84
2018-04-06,6766.59,1435.9,62.06,21.49,2604.47
2018-04-09,7125.54,1439.6,63.42,21.77,2613.16
2018-04-10,6789.27,1445.5,65.51,20.47,2656.87
2018-04-11,6824.49,1460.0,66.82,20.24,2642.19
2018-04-12,6941.64,1441.4,67.07,18.49,2663.99
2018-04-13,7823.56,1447.9,67.39,17.41,2656.3
2018-04-16,8160.41,1450.6,66.22,16.56,2677.84
2018-04-17,8030.57,1449.3,66.52,15.25,2706.39
2018-04-18,7937.61,1453.5,68.47,15.6,2708.64
2018-04-19,8188.72,1448.8,68.29,15.96,2693.13
2018-04-20,8333.81,1438.2,68.38,16.88,2670.14
2018-04-23,8868.16,1424.0,68.64,16.34,2670.29
2018-04-24,9191.82,1433.1,67.7,18.02,2634.56
2018-04-25,9373.3,1422.9,68.05,17.84,2639.4
2018-04-26,8807.52,1418.0,68.19,16.24,2666.94
2018-04-27,9153.64,1423.6,68.1,15.41,2669.91
2018-04-30,9268.72,1419.1,68.57,15.93,2648.05
2018-05-01,8949.88,1406.4,67.25,15.49,2654.8
2018-05-02,9029.48,1405.3,67.93,15.97,2635.67
2018-05-03,9228.85,1412.4,68.43,15.9,2629.73
2018-05-04,9572.7,1414.7,69.72,14.77,2663.42
2018-05-07,9326.76,1414.2,70.73,14.75,2672.63
2018-05-08,9424.99,1413.8,69.06,14.71,2671.92
2018-05-09,9039.03,1413.0,71.14,13.42,2697.79
2018-05-10,9327.05,1422.1,71.36,13.23,2723.07
2018-05-11,8920.26,1420.4,70.7,12.65,2727.72
2018-05-14,8398.86,1417.9,70.96,12.93,2730.13
2018-05-15,8711.39,1389.8,71.31,14.63,2711.45
2018-05-16,8159.26,1392.1,71.49,13.42,2722.46
2018-05-17,8360.23,1390.0,71.49,13.43,2720.13
2018-05-18,7996.82,1391.3,71.28,13.42,2712.97
2018-05-21,8493.13,1391.1,72.24,13.08,2733.01
2018-05-22,8324.02,1392.1,72.13,13.22,2724.44
2018-05-23,7951.51,1389.2,71.84,12.58,2733.29
2018-05-24,7614.96,1404.2,70.71,12.53,2727.76
2018-05-25,7599.95,1403.2,67.88,13.22,2721.33
2018-05-29,7118.42,1393.7,66.73,17.02,2689.86
2018-05-30,7491.61,1396.7,68.21,14.94,2724.01
2018-05-31,7363.28,1395.0,67.04,15.43,2705.27
2018-06-01,7490.62,1390.1,65.81,13.46,2734.62
2018-06-04,7716.15,1389.5,64.75,12.74,2746.87
2018-06-05,7505.59,1394.5,65.52,12.4,2748.8
2018-06-06,7624.19,1393.9,64.73,11.64,2772.35
2018-06-07,7413.23,1394.8,65.95,12.13,2770.37
2018-06-08,7202.26,1394.8,65.74,12.18,2779.03
2018-06-11,6991.3,1395.9,66.1,12.35,2782.0
2018-06-12,6780.34,1392.2,66.36,12.34,2786.85
2018-06-13,6525.33,1393.9,66.64,12.94,2775.63
2018-06-14,6321.66,1401.0,66.89,12.12,2782.49
2018-06-15,6601.32,1369.7,65.06,11.98,2779.66
2018-06-18,6482.87,1371.5,65.85,12.31,2773.75
2018-06-19,6711.65,1369.6,65.07,13.35,2762.59
2018-06-20,6731.71,1365.7,66.22,12.79,2767.32
2018-06-21,6736.87,1361.4,65.54,14.64,2749.76
2018-06-22,6729.93,1361.7,68.58,13.77,2754.88
2018-06-25,6142.39,1359.6,68.08,17.33,2717.07
2018-06-26,6244.33,1350.0,70.53,15.92,2723.06
2018-06-27,6148.42,1345.5,72.76,17.91,2699.63
2018-06-28,6140.19,1340.0,73.45,16.85,2716.31
2018-06-29,5954.53,1343.7,74.15,16.09,2718.37
2018-07-02,6373.28,1329.7,73.94,15.6,2726.71
2018-07-03,6629.75,1342.2,73.44,16.14,2713.22
2018-07-05,6589.63,1347.4,72.94,14.97,2736.61
2018-07-06,6538.68,1344.6,73.8,13.37,2759.82
2018-07-09,6744.99,1348.8,73.85,12.69,2784.17
2018-07-10,6694.53,1344.9,74.11,12.64,2793.84
2018-07-11,6364.39,1333.1,70.38,13.63,2774.02
2018-07-12,6360.45,1335.2,70.33,12.58,2798.29
2018-07-13,6144.81,1329.0,71.01,12.18,2801.31
2018-07-16,6366.35,1327.5,68.06,12.83,2798.43
2018-07-17,6671.63,1314.6,68.08,12.06,2809.55
2018-07-18,7315.55,1315.0,68.76,12.1,2815.62
2018-07-19,7359.74,1310.4,69.46,12.87,2804.49
2018-07-20,7484.64,1316.8,70.46,12.86,2801.83
2018-07-23,7411.2,1310.7,67.89,12.62,2806.98
2018-07-24,7730.25,1310.8,68.52,12.41,2820.4
2018-07-25,8325.8,1316.7,69.3,12.29,2846.07
2018-07-26,8271.6,1311.5,69.61,12.14,2837.44
2018-07-27,7925.25,1309.0,68.69,13.03,2818.82
2018-07-30,8201.89,1307.7,70.13,14.26,2802.6
2018-07-31,8166.39,1309.8,68.76,12.83,2816.29
2018-08-01,7700.83,1304.0,67.66,13.15,2813.36
2018-08-02,7588.59,1296.2,68.96,12.19,2827.22
2018-08-03,7547.31,1299.4,68.49,11.64,2840.35
2018-08-06,7411.52,1293.6,69.01,11.27,2850.4
2018-08-07,7402.34,1294.2,69.17,10.93,2858.45
2018-08-08,6748.44,1296.8,66.94,10.85,2857.7
2018-08-09,6460.15,1295.8,66.81,11.27,2853.58
2018-08-10,6482.97,1294.6,67.63,13.16,2833.28
2018-08-13,6338.74,1274.1,67.2,14.78,2821.93
2018-08-14,6260.19,1275.9,67.04,13.31,2839.96
2018-08-15,6123.45,1259.7,65.01,14.64,2818.37
2018-08-16,6332.61,1258.0,65.46,13.45,2840.69
2018-08-17,6273.89,1258.1,65.91,12.64,2850.13
2018-08-20,6516.67,1267.5,66.43,12.49,2857.05
2018-08-21,6299.4,1272.8,67.35,12.86,2862.96
2018-08-22,6470.73,1275.8,67.86,12.25,2861.82
2018-08-23,6355.88,1265.2,67.83,12.41,2856.98
2018-08-24,6503.83,1285.0,68.72,11.99,2874.69
2018-08-27,6689.82,1288.0,68.87,12.16,2896.74
2018-08-28,6756.63,1286.4,68.53,12.5,2897.52
2018-08-29,7084.29,1283.3,69.51,12.25,2914.04
2018-08-30,7059.23,1276.1,70.25,13.53,2901.13
2018-08-31,6938.91,1277.7,69.8,12.86,2901.52
2018-09-04,7260.25,1270.2,69.87,13.16,2896.72
2018-09-05,7361.27,1272.6,68.72,13.91,2888.6
2018-09-06,6913.12,1275.7,67.77,14.65,2878.05
2018-09-07,6471.49,1272.1,67.75,14.88,2871.68
2018-09-10,6253.94,1271.6,67.54,14.16,2877.13
2018-09-11,6275.08,1274.4,69.25,13.22,2887.89
2018-09-12,6275.67,1283.9,70.37,13.14,2888.92
2018-09-13,6277.49,1281.0,68.59,12.37,2904.18
2018-09-14,6283.18,1273.8,68.99,12.07,2904.98
2018-09-17,6281.41,1278.4,68.91,13.68,2888.8
2018-09-18,6273.22,1275.7,69.85,12.79,2904.31
2018-09-19,6278.6,1281.5,71.12,11.75,2907.95
2018-09-20,6282.61,1284.4,70.8,11.8,2930.75
2018-09-21,6288.07,1274.3,70.78,11.68,2929.67
2018-09-24,6289.62,1277.4,72.08,12.2,2919.37
2018-09-25,6466.99,1278.2,72.28,12.42,2915.56
2018-09-26,6391.39,1271.8,71.57,12.89,2905.97
2018-09-27,6509.78,1259.8,72.12,12.41,2914.0
2018-09-28,6698.42,1268.7,73.25,12.12,2913.98
2018-10-01,6647.39,1264.4,75.3,12.0,2924.59
2018-10-02,6603.75,1280.7,75.23,12.05,2923.43
2018-10-03,6576.35,1276.7,76.41,11.61,2925.51
2018-10-04,6481.25,1275.5,74.33,14.22,2901.61
2018-10-05,6594.94,1280.2,74.34,14.82,2885.57
2018-10-08,6591.69,1262.9,74.29,15.69,2884.43
2018-10-09,6662.87,1265.8,74.96,15.95,2880.34
2018-10-10,6663.02,1267.7,73.17,22.96,2785.68
2018-10-11,6619.5,1302.3,70.97,24.98,2728.37
2018-10-12,6285.86,1296.3,71.34,21.31,2767.13
2018-10-15,6361.42,1305.4,71.78,21.3,2750.79
2018-10-16,6721.59,1305.8,71.92,17.62,2809.92
2018-10-17,6724.83,1301.9,69.75,17.4,2809.21
2018-10-18,6444.75,1305.1,68.65,20.06,2768.78
2018-10-19,6374.65,1303.8,69.12,19.89,2767.78
2018-10-22,6412.53,1299.8,69.17,19.64,2755.88
2018-10-23,6396.88,1312.0,66.43,20.71,2740.69
2018-10-24,6396.25,1305.5,66.82,25.23,2656.1
2018-10-25,6407.67,1306.7,67.33,24.22,2705.57
2018-10-26,6405.5,1309.7,67.59,24.16,2658.69
2018-10-29,6347.94,1301.1,67.04,24.7,2641.25
2018-10-30,6266.19,1298.9,66.18,23.35,2682.63
2018-10-31,6276.46,1288.2,65.31,21.23,2711.74
2018-11-01,6321.71,1312.2,63.69,19.34,2740.37
2018-11-02,6341.09,1307.3,63.14,19.51,2723.06
2018-11-05,6405.14,1306.4,63.1,19.96,2738.31
2018-11-06,6396.35,1300.4,62.21,19.91,2755.45
2018-11-07,6425.92,1302.8,61.67,16.36,2813.89
2018-11-08,6514.49,1299.3,60.67,16.72,2806.83
2018-11-09,6412.52,1282.2,60.19,17.36,2781.01
2018-11-12,6327.48,1276.8,59.93,20.45,2726.22
2018-11-13,6327.15,1274.7,55.69,20.02,2722.18
2018-11-14,6282.44,1283.2,56.25,21.25,2701.58
2018-11-15,5524.8,1287.6,56.46,19.98,2730.2
2018-11-16,5511.15,1294.9,56.46,18.14,2736.27
2018-11-19,5553.01,1297.5,56.76,20.1,2690.73
2018-11-20,4800.34,1293.4,53.43,22.48,2641.89
2018-11-21,4246.31,1300.8,54.63,20.8,2649.93
2018-11-23,4405.74,1296.1,53.63,21.52,2632.56
2018-11-26,3951.21,1295.8,51.63,18.9,2673.45
2018-11-27,3640.56,1286.5,51.56,19.02,2682.17
2018-11-28,3792.19,1296.4,50.29,18.49,2743.79
2018-11-29,4174.32,1297.0,51.45,18.79,2737.8
2018-11-30,4218.61,1292.7,50.93,18.07,2760.17
2018-12-03,4118.52,1306.4,52.95,16.44,2790.37
2018-12-04,3847.03,1313.6,53.25,20.74,2700.06
2018-12-06,3713.57,1310.2,51.49,21.19,2695.95
2018-12-07,3578.21,1319.5,52.61,23.23,2633.08
2018-12-10,3507.31,1314.8,51.0,22.64,2637.72
2018-12-11,3419.73,1312.9,51.65,21.76,2636.78
2018-12-12,3360.95,1315.8,51.15,21.46,2651.07
2018-12-13,3414.83,1313.2,52.58,20.65,2650.54
2018-12-14,3263.55,1307.0,51.2,21.63,2599.95
2018-12-17,3200.64,1317.4,49.88,24.52,2545.94
2018-12-18,3478.46,1318.5,46.24,25.58,2546.16
2018-12-19,3562.89,1321.3,47.2,25.58,2506.96
2018-12-20,3709.32,1333.1,45.88,28.38,2467.42
2018-12-21,4065.8,1323.1,45.59,30.11,2416.62
2018-12-24,3949.79,1337.0,46.01,36.07,2351.1
2018-12-26,3767.35,1338.3,46.22,30.41,2467.7
2018-12-27,3807.15,1346.5,44.61,29.96,2488.83
2018-12-28,3587.2,1348.3,45.33,28.34,2485.74
2018-12-31,3777.55,1347.1,45.41,25.42,2506.85
2019-01-02,3715.56,1349.5,46.54,23.22,2510.03
2019-01-03,3882.3,1359.8,47.09,25.45,2447.89
2019-01-04,3795.59,1351.0,47.96,21.38,2531.94
2019-01-07,4014.13,1355.2,48.52,21.4,2549.69
2019-01-08,3989.63,1351.1,49.78,20.47,2574.41
2019-01-09,3992.99,1357.3,52.36,19.98,2584.96
2019-01-10,3995.33,1353.0,52.59,19.5,2596.64
2019-01-11,3617.35,1355.4,51.59,18.19,2596.26
2019-01-14,3497.67,1357.2,50.51,19.07,2582.61
2019-01-15,3654.35,1353.7,52.11,18.6,2610.3
2019-01-16,3568.75,1359.3,52.31,19.04,2616.1
2019-01-17,3593.72,1357.9,52.07,18.06,2635.96
2019-01-18,3623.72,1348.1,53.8,17.8,2670.71
2019-01-22,3528.46,1348.4,52.57,20.8,2632.9
2019-01-23,3581.55,1349.3,52.62,19.52,2638.7
2019-01-24,3549.77,1344.9,53.13,18.89,2642.33
2019-01-25,3562.92,1364.0,53.69,17.42,2664.76
2019-01-28,3539.62,1369.8,51.99,18.87,2643.85
2019-01-29,3425.26,1375.6,53.31,19.13,2640.0
2019-01-30,3395.02,1375.9,54.23,17.66,2681.05
2019-01-31,3441.03,1384.0,53.79,16.57,2704.1
2019-02-01,3420.63,1381.1,55.26,16.14,2706.53
2019-02-04,3404.5,1378.3,54.56,15.73,2724.87
2019-02-05,3412.23,1378.6,53.66,15.57,2737.7
2019-02-06,3419.77,1373.8,54.01,15.38,2731.61
2019-02-07,3367.52,1373.6,52.64,16.37,2706.05
2019-02-08,3360.53,1377.8,52.72,15.72,2707.88
2019-02-11,3621.15,1371.2,52.41,15.97,2709.8
2019-02-12,3593.18,1373.2,53.1,15.43,2744.73
2019-02-13,3579.34,1374.6,53.9,15.65,2753.03
2019-02-14,3569.55,1373.2,54.41,16.22,2745.73
2019-02-15,3558.4,1381.2,55.59,14.91,2775.6
2019-02-19,3865.32,1403.9,56.09,14.88,2779.76
2019-02-20,3904.48,1406.7,56.92,14.02,2784.7
2019-02-21,3924.74,1387.2,56.96,14.46,2774.88
2019-02-22,3889.76,1392.5,57.26,13.51,2792.67
2019-02-25,3763.62,1389.0,55.48,14.85,2796.11
2019-02-26,3819.87,1387.9,55.5,15.17,2793.9
2019-02-27,3797.58,1380.5,56.94,14.7,2792.38
2019-02-28,3772.94,1375.3,57.22,14.78,2784.49
2019-03-01,3799.68,1358.3,55.8,13.57,2803.69
2019-03-04,3782.66,1346.3,56.59,14.63,2792.81
2019-03-05,3689.86,1343.5,56.56,14.74,2789.65
2019-03-06,3832.08,1346.5,56.22,15.74,2771.45
2019-03-07,3848.96,1344.9,56.66,16.59,2748.93
2019-03-08,3859.84,1358.5,56.07,16.05,2743.07
2019-03-11,3899.66,1350.0,56.79,14.33,2783.3
2019-03-12,3851.25,1356.6,56.87,13.77,2791.52
2019-03-13,3866.3,1368.1,58.26,13.41,2810.92
2019-03-14,3846.27,1352.9,58.61,13.5,2808.48
2019-03-15,3855.74,1360.6,58.52,12.88,2822.48
2019-03-18,3970.39,1359.4,59.09,13.1,2832.94
2019-03-19,3974.42,1364.7,59.03,13.56,2832.57
2019-04-01,4094.7,1342.7,61.59,13.4,2867.19
2019-04-02,4135.18,1343.9,62.58,13.36,2867.24
2019-04-03,4818.77,1344.0,62.46,13.74,2873.4
2019-04-04,5102.15,1343.5,62.1,13.58,2879.39
2019-04-05,4875.6,1345.2,63.08,12.82,2892.74
2019-04-08,5198.17,1351.9,64.4,13.18,2895.77
2019-04-09,5260.21,1358.4,63.98,14.28,2878.2
2019-04-10,5180.0,1363.9,64.61,13.3,2888.21
2019-04-11,5283.54,1343.4,63.58,13.02,2888.32
2019-04-12,5049.61,1346.3,63.89,12.01,2907.41
2019-04-15,5158.39,1342.4,63.4,12.32,2905.58
2019-04-16,5045.68,1328.1,64.05,12.18,2907.06
2019-04-17,5184.2,1327.6,63.76,12.6,2900.45
2019-04-18,5220.96,1326.9,64.0,12.09,2905.03
2019-04-22,5276.56,1328.5,65.7,12.42,2907.97
2019-04-23,5398.43,1323.8,66.3,12.28,2933.68
2019-04-24,5552.52,1329.9,65.89,13.14,2927.25
2019-04-25,5432.99,1330.2,65.21,13.25,2926.17
2019-04-26,5132.23,1339.2,63.3,12.73,2939.88
2019-04-29,5152.55,1331.6,63.5,13.11,2943.03
2019-04-30,5151.43,1335.7,63.91,13.12,2945.83
2019-05-01,5277.44,1334.2,63.6,14.8,2923.73
2019-05-02,5297.94,1322.2,61.81,14.42,2917.52
2019-05-03,5405.88,1331.7,61.94,12.87,2945.64
2019-05-06,5713.04,1334.0,62.25,15.44,2932.47
2019-05-07,5706.01,1335.8,61.4,19.32,2884.05
2019-05-08,5899.53,1331.4,62.12,19.4,2879.42
2019-05-09,5932.44,1335.1,61.7,19.1,2870.72
2019-05-10,6159.69,1337.2,61.66,16.04,2881.4
2019-05-13,6992.71,1350.2,61.04,20.55,2811.87
2019-05-14,7906.94,1343.4,61.78,18.06,2834.41
2019-05-15,7928.42,1344.5,62.02,16.44,2850.96
2019-05-16,8177.45,1333.1,62.87,15.29,2876.32
2019-05-17,7820.08,1322.5,62.76,15.96,2859.53
2019-05-20,8221.26,1324.2,63.1,16.31,2840.23
2019-05-21,7917.01,1320.1,62.99,14.95,2864.36
2019-05-22,7961.13,1321.3,61.42,14.75,2856.27
2019-05-23,7723.9,1331.8,57.91,16.92,2822.24
2019-05-24,7903.85,1330.1,58.63,15.85,2826.06
2019-05-28,8800.35,1323.3,59.14,17.5,2802.39
2019-05-29,8719.33,1326.5,58.81,17.9,2783.02
2019-05-30,8672.4,1332.9,56.59,17.3,2788.86
2019-05-31,8287.04,1349.6,53.5,18.71,2752.06
2019-06-03,8744.27,1365.3,53.25,18.86,2744.45
2019-06-04,8474.05,1366.5,53.48,16.97,2803.27
2019-06-05,7645.57,1370.2,51.68,16.09,2826.15
2019-06-06,7790.32,1378.5,52.59,15.93,2843.49
2019-06-07,7730.88,1381.9,53.99,16.3,2873.34
2019-06-10,7600.92,1366.9,53.26,15.94,2886.73
2019-06-11,7954.01,1369.0,53.27,15.99,2885.72
2019-06-12,7903.63,1373.8,51.14,15.91,2879.84
2019-06-13,8151.79,1380.7,52.28,15.82,2891.64
2019-06-14,8256.72,1381.5,52.51,15.28,2886.98
2019-06-17,9061.54,1379.6,51.93,15.35,2889.67
2019-06-18,9346.98,1387.4,53.9,15.15,2917.75
2019-06-19,9012.49,1384.4,53.76,14.33,2926.46
2019-06-20,9259.12,1429.4,56.65,14.75,2954.18
2019-06-21,9559.9,1432.7,57.43,15.4,2950.46
2019-06-24,10843.57,1450.9,57.9,15.26,2945.35
2019-06-25,10996.46,1451.3,57.83,16.28,2917.38
2019-06-26,11665.41,1447.8,59.38,16.21,2913.78
2019-06-27,12444.93,1444.5,59.43,15.82,2924.92
2019-06-28,11086.27,1446.8,58.47,15.08,2941.76
2019-07-01,10932.31,1423.6,59.09,14.06,2964.33
2019-07-02,10454.68,1442.8,56.25,12.93,2973.01
2019-07-03,10800.13,1456.0,56.88,12.57,2995.82
2019-07-05,11645.52,1436.6,57.51,13.28,2990.41
2019-07-08,11422.11,1437.3,57.66,13.96,2975.95
2019-07-09,12336.0,1438.3,57.83,14.09,2979.63
2019-07-10,12575.9,1450.5,60.43,13.03,2993.07
2019-07-11,12054.18,1445.3,60.2,12.93,2999.91
2019-07-12,11324.14,1450.9,60.21,12.39,3013.77
2019-07-15,10506.4,1452.3,59.58,12.68,3014.3
2019-07-16,10934.48,1450.2,57.62,12.86,3004.04
2019-07-17,9490.41,1462.5,56.78,13.97,2984.42
2019-07-18,9733.13,1467.2,55.3,13.53,2995.11
2019-07-19,10603.35,1465.5,55.63,14.45,2976.61
2019-07-22,10551.13,1466.0,56.22,13.53,2985.03
2019-07-23,10285.64,1460.8,56.77,12.61,3005.47
2019-07-24,10027.53,1462.9,55.88,12.07,3019.56
2019-07-25,9771.5,1454.4,56.02,12.74,3003.67
2019-07-26,9897.43,1460.4,56.2,12.16,3025.86
2019-07-29,9495.86,1461.7,56.87,12.83,3020.97
2019-07-30,9506.7,1470.3,58.05,13.94,3013.18
2019-07-31,9572.74,1466.3,58.58,16.12,2980.38
2019-08-01,10005.29,1461.5,53.95,17.87,2953.56
2019-08-02,10385.2,1485.3,55.66,17.61,2932.05
2019-08-05,10985.81,1502.6,54.69,24.59,2844.74
2019-08-06,11811.79,1509.7,53.63,20.17,2881.77
2019-08-07,11310.19,1544.6,51.09,19.49,2883.98
2019-08-08,11956.05,1535.0,52.54,16.91,2938.09
2019-08-09,11817.46,1534.5,54.5,17.97,2918.65
2019-08-12,11485.37,1543.0,54.93,21.09,2882.7
2019-08-13,11391.97,1540.7,57.1,17.52,2926.32
2019-08-14,10869.38,1554.0,55.23,22.1,2840.6
2019-08-15,10211.5,1556.7,54.47,21.18,2847.6
2019-08-16,10386.54,1549.2,54.87,18.47,2888.68
2019-08-19,10335.37,1537.2,56.21,16.88,2923.65
2019-08-20,10774.81,1541.3,56.34,17.5,2900.51
2019-08-21,10818.51,1541.5,55.68,15.8,2924.43
2019-08-22,10064.92,1534.4,55.35,16.68,2922.95
2019-08-23,10161.16,1563.5,54.17,19.87,2847.11
2019-08-26,10068.92,1563.1,53.64,19.32,2878.38
2019-08-27,10312.22,1578.0,54.93,20.31,2869.16
2019-08-28,10122.2,1575.3,55.78,19.35,2887.94
2019-08-29,9743.16,1564.0,56.71,17.88,2924.58
2019-08-30,9487.98,1557.2,55.1,18.98,2926.46
2019-09-03,10381.86,1583.2,53.94,19.66,2906.27
2019-09-04,10691.31,1587.4,56.26,17.33,2937.78
2019-09-05,10555.05,1552.9,56.3,16.27,2976.0
2019-09-06,10576.32,1543.3,56.52,15.0,2978.71
2019-09-09,10402.8,1539.6,57.85,15.27,2978.43
2019-09-10,10332.94,1528.1,57.4,15.2,2979.39
2019-09-11,10082.95,1532.4,55.75,14.61,3000.93
2019-09-12,10152.75,1537.8,55.09,14.22,3009.57
2019-09-13,10396.77,1530.7,54.85,13.74,3007.39
2019-09-16,10302.19,1542.3,62.9,14.67,2997.96
2019-09-17,10301.66,1544.1,59.34,14.44,3005.7
2019-09-18,10231.42,1546.1,58.11,13.95,3006.73
2019-09-19,10168.29,1536.4,58.13,14.05,3006.79
2019-09-20,10223.51,1545.3,58.09,15.32,2992.07
2019-09-23,10031.87,1561.6,58.64,14.91,2991.78
2019-09-24,9719.72,1570.1,57.29,17.05,2966.6
2019-09-25,8688.97,1542.0,56.49,15.96,2984.87
2019-09-26,8438.71,1545.0,56.41,16.07,2977.62
2019-09-27,8103.21,1536.1,55.91,17.22,2961.79
2019-09-30,8085.71,1502.3,54.07,16.24,2976.74
2019-10-01,8241.34,1518.0,53.62,18.56,2940.25
2019-10-02,8333.69,1536.8,52.64,20.56,2887.61
2019-10-03,8273.46,1541.3,52.45,19.12,2910.63
2019-10-04,8203.84,1540.7,52.81,17.04,2952.01
2019-10-07,7853.69,1532.5,52.75,17.86,2938.79
2019-10-08,8236.21,1531.9,52.63,20.28,2893.06
2019-10-09,8201.64,1541.1,52.59,18.64,2919.4
2019-10-10,8572.38,1529.7,53.55,17.57,2938.13
2019-10-11,8582.14,1517.8,54.7,15.58,2970.27
2019-10-14,8282.18,1527.1,53.59,14.57,2966.15
2019-10-15,8337.82,1513.1,52.81,13.54,2995.68
2019-10-16,8170.82,1523.4,53.36,13.68,2989.69
2019-10-17,8003.82,1527.8,53.93,13.79,2997.95
2019-10-18,8058.06,1523.0,53.78,14.25,2986.2
2019-10-21,8200.32,1517.3,53.31,14.0,3006.72
2019-10-22,8200.25,1516.6,54.16,14.46,2995.99
2019-10-23,8073.41,1524.9,55.97,14.01,3004.52
2019-10-24,7420.42,1533.9,56.23,13.71,3010.29
2019-10-25,7460.62,1535.1,56.66,12.65,3022.55
2019-10-28,9578.37,1525.8,55.81,13.11,3039.42
2019-10-29,9458.22,1520.6,55.54,13.2,3036.89
2019-10-30,9455.72,1526.5,55.06,12.33,3046.77
2019-10-31,9226.0,1544.0,54.18,13.22,3037.56
2019-11-01,9131.41,1541.3,56.2,12.3,3066.91
2019-11-04,9202.42,1541.6,56.54,12.83,3078.27
2019-11-05,9369.63,1514.5,57.23,13.1,3074.62
2019-11-06,9326.6,1523.9,56.35,12.62,3076.78
2019-11-07,9335.75,1497.7,57.15,12.73,3085.18
2019-11-08,9226.49,1496.3,57.24,12.07,3093.08
2019-11-11,9081.19,1488.0,56.86,12.69,3087.01
2019-11-12,8711.53,1484.2,56.8,12.68,3091.84
2019-11-13,8760.89,1493.9,57.12,13.0,3094.04
2019-11-14,8749.52,1504.0,56.77,13.05,3096.63
2019-11-15,8656.97,1499.1,57.72,12.05,3120.46
2019-11-18,8537.34,1502.4,57.05,12.46,3122.03
2019-11-19,8205.81,1504.8,55.21,12.86,3120.18
2019-11-20,8118.49,1504.5,57.11,12.78,3108.46
2019-11-21,8074.84,1494.0,58.58,13.13,3103.54
2019-11-22,7612.74,1494.4,57.77,12.34,3110.29
2019-11-25,7041.73,1488.1,58.01,11.87,3133.64
2019-11-26,7211.86,1491.0,58.41,11.54,3140.52
2019-11-27,7141.07,1484.4,58.11,11.75,3153.63
2019-11-29,7390.21,1496.6,57.39,12.62,3140.98
2019-12-02,7381.96,1493.1,55.96,14.91,3113.87
2019-12-03,7333.43,1508.6,56.1,15.96,3093.2
2019-12-04,7315.37,1504.5,58.43,14.8,3112.76
2019-12-05,7213.73,1507.5,58.43,14.52,3117.43
2019-12-06,7398.79,1489.9,59.2,13.62,3145.91
2019-12-09,7550.24,1489.8,59.02,15.86,3135.96
2019-12-10,7333.1,1493.2,59.24,15.68,3132.52
2019-12-11,7239.76,1500.1,58.76,14.99,3141.63
2019-12-12,7198.07,1497.5,59.18,13.94,3168.57
2019-12-13,7190.27,1506.9,60.07,12.63,3168.8
2019-12-16,7112.73,1506.7,60.21,12.14,3191.45
2019-12-17,6883.5,1506.8,60.94,12.29,3192.52
2019-12-18,6584.03,1504.3,60.93,12.58,3191.14
2019-12-19,7424.02,1510.0,61.22,12.5,3205.37
2019-12-20,7147.57,1506.4,60.44,12.51,3221.22
2019-12-23,7236.99,1514.4,60.52,12.61,3224.01
2019-12-24,7166.17,1530.5,61.1,12.67,3223.38
2019-12-26,7212.81,1540.3,61.68,12.65,3239.91
2019-12-27,7183.71,1544.4,61.72,13.43,3240.02
2019-12-30,7385.46,1545.4,61.68,14.82,3221.29
2019-12-31,7251.28,1550.6,61.06,13.78,3230.78
2020-01-02,7174.74,1555.2,61.18,12.47,3257.85
2020-01-03,6955.49,1579.6,63.05,14.02,3234.85
2020-01-06,7347.43,1596.1,63.27,13.85,3246.28
2020-01-07,7713.86,1601.3,62.7,13.79,3237.18
2020-01-08,8039.6,1587.0,59.61,13.45,3253.05
2020-01-09,8067.61,1581.4,59.56,12.54,3274.7
2020-01-10,7808.7,1587.0,59.04,12.56,3265.35
2020-01-13,8149.31,1577.5,58.08,12.32,3288.13
2020-01-14,8116.96,1571.2,58.23,12.39,3283.15
2020-01-15,8735.14,1580.3,57.81,12.42,3289.29
2020-01-16,8843.68,1576.9,58.52,12.32,3316.81
2020-01-17,8711.64,1587.2,58.54,12.1,3329.62
2020-01-21,8652.68,1584.7,58.34,12.85,3320.79
2020-01-22,8708.79,1583.5,56.74,12.91,3321.75
2020-01-23,8635.07,1592.1,55.59,12.98,3325.54
2020-01-24,8384.09,1599.0,54.19,14.56,3295.47
2020-01-27,8562.31,1604.6,53.14,18.23,3243.63
2020-01-28,8881.96,1596.9,53.48,16.28,3276.24
2020-01-29,9131.11,1597.9,53.33,16.39,3273.4
2020-01-30,9320.98,1610.7,52.14,15.49,3283.66
2020-01-31,9545.08,1609.4,51.56,18.84,3225.52
2020-02-03,9385.26,1604.0,50.11,17.97,3248.92
2020-02-04,9269.71,1577.5,49.61,16.05,3297.59
2020-02-05,9177.89,1584.7,50.75,15.15,3334.69
2020-02-06,9625.46,1591.7,50.95,14.96,3345.78
2020-02-07,9681.38,1595.0,50.32,15.47,3327.71
2020-02-10,10132.71,1600.7,49.57,15.04,3352.09
2020-02-11,9838.9,1591.1,49.94,15.18,3357.75
2020-02-12,10236.64,1592.4,51.17,13.74,3379.45
2020-02-13,10364.93,1599.6,51.42,14.15,3373.94
2020-02-14,10218.1,1606.9,52.05,13.68,3380.16
2020-02-18,9636.62,1624.0,52.05,14.83,3370.29
2020-02-19,10190.0,1632.2,53.29,14.38,3386.15
2020-02-20,9701.04,1640.8,53.78,15.56,3373.23
2020-02-21,9631.48,1669.1,53.38,17.08,3337.75
2020-02-24,9919.55,1697.1,51.43,25.03,3225.89
2020-02-25,9640.47,1670.2,49.9,27.85,3128.21
2020-02-26,9392.87,1662.9,48.73,27.56,3116.39
2020-02-27,8787.98,1661.4,47.09,39.16,2978.76
2020-02-28,8785.0,1583.6,44.76,40.11,2954.22
2020-03-02,8548.95,1609.7,46.75,33.42,3090.23
2020-03-03,8923.04,1658.8,47.18,36.82,3003.37
2020-03-04,8791.11,1656.5,46.78,31.99,3130.12
2020-03-05,8756.96,1680.4,45.9,39.62,3023.94
2020-03-06,9078.58,1683.0,41.28,41.94,2972.37
2020-03-09,8166.31,1684.1,31.13,54.46,2746.56
2020-03-10,7875.75,1669.0,34.36,47.3,2882.23
2020-03-11,7959.23,1650.8,32.98,53.9,2741.38
2020-03-12,7955.31,1598.8,31.5,75.47,2480.64
2020-03-13,5800.21,1524.9,31.73,57.83,2711.02
2020-03-16,5355.19,1493.8,28.7,82.69,2386.13
2020-03-17,4944.7,1534.1,26.95,75.91,2529.19
2020-03-18,5465.58,1487.1,20.37,76.45,2398.1
2020-03-19,5363.82,1489.4,25.22,72.0,2409.39
2020-03-20,6301.06,1495.1,22.43,66.04,2304.92
2020-03-23,5884.34,1581.4,23.36,61.59,2237.4
2020-03-24,6455.45,1663.0,24.01,61.67,2447.33
2020-03-25,6784.32,1633.3,24.49,63.95,2475.56
2020-03-26,6706.99,1662.0,22.6,61.0,2630.07
2020-03-27,6721.5,1655.0,21.51,65.54,2541.47
2020-03-30,5922.49,1644.1,20.09,57.08,2626.65
2020-03-31,6483.74,1597.6,20.48,53.54,2584.59
2020-04-01,6446.42,1592.5,20.31,57.06,2470.5
2020-04-02,6537.34,1638.9,25.32,50.91,2526.9
2020-04-03,6850.56,1646.5,28.34,46.8,2488.65
2020-04-06,6805.36,1693.1,26.08,45.24,2663.68
2020-04-07,7278.24,1683.7,23.63,46.7,2659.41
2020-04-08,7175.67,1684.1,25.09,43.35,2749.98
2020-04-09,7367.29,1753.6,22.76,41.67,2789.82
2020-04-13,7043.44,1762.7,22.41,41.17,2761.63
2020-04-14,6889.86,1771.2,20.11,37.76,2846.06
2020-04-15,6887.55,1744.7,19.87,40.84,2783.36
2020-04-16,6718.8,1736.3,19.87,40.11,2799.55
2020-04-17,7166.58,1702.7,18.27,38.15,2874.56
2020-04-20,7185.87,1715.3,-37.63,43.83,2823.16
2020-04-21,6856.15,1692.1,10.01,45.41,2736.56
2020-04-22,6904.48,1743.5,13.78,41.98,2799.31
2020-04-23,7118.39,1751.0,16.5,41.38,2797.8
2020-04-24,7562.03,1741.7,16.94,35.93,2836.74
2020-04-27,7624.85,1731.4,12.78,33.29,2878.48
2020-04-28,7776.51,1731.2,12.34,33.57,2863.39
2020-04-29,7761.76,1722.4,15.06,31.23,2939.51
2020-04-30,8773.11,1704.9,18.84,34.15,2912.43
2020-05-01,8767.67,1712.0,19.78,37.19,2830.71
2020-05-04,8904.71,1725.9,20.39,35.97,2842.74
2020-05-05,8887.51,1728.0,24.56,33.61,2868.44
2020-05-06,8978.28,1704.4,23.99,34.12,2848.42
2020-05-07,9371.68,1743.7,23.55,31.44,2881.19
2020-05-08,9900.68,1735.2,24.74,27.98,2929.8
2020-05-11,8786.66,1720.9,24.14,27.57,2930.19
2020-05-12,8608.13,1728.0,25.78,33.04,2870.12
2020-05-13,8815.23,1737.3,25.29,35.28,2820.0
2020-05-14,9330.99,1762.0,27.56,32.61,2852.5
