Date,Close,Open,High,Low,Volume
2014-12-01,1332.5,1160.0,1220.4,1141.7,5520.0
2014-12-02,1314.7,1212.3,1212.3,1191.3,1240.0
2014-12-03,1325.8,1198.1,1213.7,1196.1,440.0
2014-12-04,1324.2,1208.2,1213.0,1201.6,360.0
2014-12-05,1310.8,1203.1,1206.0,1186.7,560.0
2014-12-06,1312.0,1198.9333,1206.3333,1186.8667,433.3333
2014-12-07,1313.2,1194.7667,1206.6667,1187.0333,306.6667
2014-12-08,1314.4,1190.6,1207.0,1187.2,180.0
2014-12-09,1350.2,1202.0,1238.0,1202.0,310.0
2014-12-10,1345.5,1231.2,1234.6,1226.6,310.0
2014-12-11,1342.3,1226.6,1232.0,1216.2,260.0
2014-12-12,1333.5,1227.8,1227.8,1216.2,200.0
2014-12-13,1328.2333,1226.2333,1226.2333,1210.1333,160.0
2014-12-14,1322.9667,1224.6667,1224.6667,1204.0667,120.0
2014-12-15,1317.7,1223.1,1223.1,1198.0,80.0
2014-12-16,1302.0,1197.2,1222.0,1192.7,220.0
2014-12-17,1302.3,1198.2,1199.6,1184.0,90.0
2014-12-18,1303.9,1189.7,1207.3,1189.7,200.0
2014-12-19,1305.6,1198.0,1200.8,1196.5,100.0
2014-12-20,1300.3,1198.0,1199.8667,1188.5667,140.0
2014-12-21,1295.0,1198.0,1198.9333,1180.6333,180.0
2014-12-22,1289.7,1198.0,1198.0,1172.7,220.0
2014-12-23,1289.7,1179.3,1180.3,1175.0,230.0
2014-12-24,1285.6,1177.0,1179.3,1173.7,20.0
2014-12-25,1177.0,1175.0,1178.9,1175.0,0.0
2014-12-26,1307.7,1177.2,1194.4,1177.2,120.0
2014-12-27,1302.7667,1180.3,1191.7667,1178.5667,100.0
2014-12-28,1297.8333,1183.4,1189.1333,1179.9333,80.0
2014-12-29,1292.9,1186.5,1186.5,1181.3,60.0
2014-12-30,1311.9,1181.4,1210.3,1181.4,190.0
2014-12-31,1335.4,1335.4,1335.4,1346.7,90.0
2015-01-01,1186.8,1184.1,1187.5,1184.1,0.0
2015-01-02,1337.7,1337.7,1337.7,1337.7,140.0
2015-01-03,1342.9667,1338.4667,1338.4667,1338.4667,93.3333
2015-01-04,1348.2333,1339.2333,1339.2333,1339.2333,46.6667
2015-01-05,1353.5,1340.0,1340.0,1340.0,0.0
2015-01-06,1362.2,1362.2,1362.2,1362.2,100.0
2015-01-07,1353.6,1353.6,1353.6,1350.3,30.0
2015-01-08,1351.6,1351.6,1351.6,1350.0,90.0
2015-01-09,1357.4,1357.4,1357.4,1357.4,40.0
2015-01-10,1362.6667,1357.4,1357.4,1357.4,26.6667
2015-01-11,1367.9333,1357.4,1357.4,1357.4,13.3333
2015-01-12,1373.2,1357.4,1357.4,1357.4,0.0
2015-01-13,1374.5,1377.4,1377.4,1377.4,0.0
2015-01-14,1364.5,1364.5,1364.5,1366.7,20.0
2015-01-15,1392.8,1380.0,1380.0,1380.0,0.0
2015-01-16,1404.9,1404.9,1404.9,1404.9,40.0
2015-01-17,1341.95,1342.95,1343.4,1340.3,20.0
2015-01-18,1279.0,1281.0,1281.9,1275.7,0.0
2015-01-19,1275.9,1279.4,1279.5,1272.5,0.0
2015-01-20,1412.4,1380.0,1380.0,1380.0,0.0
2015-01-21,1413.4,1391.1,1391.1,1390.9,0.0
2015-01-22,1425.2,1425.2,1425.2,1425.2,130.0
2015-01-23,1417.6,1417.6,1417.6,1417.6,20.0
2015-01-24,1413.6,1413.6,1413.6,1413.6,23.3333
2015-01-25,1409.6,1409.6,1409.6,1409.6,26.6667
2015-01-26,1405.6,1405.6,1405.6,1405.6,30.0
2015-01-27,1414.7,1414.7,1414.7,1414.7,20.0
2015-01-28,1402.2,1402.2,1402.2,1402.2,30.0
2015-01-29,1363.8,1380.2,1380.2,1380.2,0.0
2015-01-30,1384.6,1384.6,1384.6,1384.6,8630.0
2015-01-31,1383.8667,1383.8667,1383.8667,1383.8667,6303.3333
2015-02-01,1383.1333,1383.1333,1383.1333,1383.1333,3976.6667
2015-02-02,1382.4,1382.4,1382.4,1382.4,1650.0
2015-02-03,1367.3,1367.3,1367.3,1367.3,2380.0
2015-02-04,1373.4,1367.0,1367.0,1367.0,0.0
2015-02-05,1354.9,1354.9,1354.9,1354.9,130.0
2015-02-06,1332.6,1332.6,1332.6,1332.6,430.0
2015-02-07,1335.0333,1335.0333,1335.0333,1335.0333,393.3333
2015-02-08,1337.4667,1337.4667,1337.4667,1337.4667,356.6667
2015-02-09,1339.9,1339.9,1339.9,1339.9,320.0
2015-02-10,1331.2,1331.2,1331.2,1331.2,230.0
2015-02-11,1319.2,1319.2,1319.2,1319.2,100.0
2015-02-12,1318.7,1318.7,1318.7,1318.7,100.0
2015-02-13,1325.2,1325.2,1325.2,1325.2,70.0
2015-02-14,1277.0,1276.7,1277.25,1276.5,35.0
2015-02-15,1228.8,1228.2,1229.3,1227.8,0.0
2015-02-16,1231.7,1228.7,1236.4,1228.5,0.0
2015-02-17,1309.9,1323.3,1323.3,1323.3,0.0
2015-02-18,1301.5,1301.5,1301.5,1301.5,150.0
2015-02-19,1306.9,1306.9,1306.9,1306.9,70.0
2015-02-20,1303.2,1303.2,1303.2,1303.2,50.0
2015-02-21,1301.7,1301.7,1301.7,1301.7,123.3333
2015-02-22,1300.2,1300.2,1300.2,1300.2,196.6667
2015-02-23,1298.7,1298.7,1298.7,1298.7,270.0
2015-02-24,1293.1,1293.1,1293.1,1293.1,150.0
2015-02-25,1296.0,1296.0,1296.0,1296.0,20.0
2015-02-26,1306.1,1306.1,1306.1,1306.1,560.0
2015-02-27,1309.4,1309.4,1309.4,1309.4,200.0
2015-02-28,1308.2,1308.2,1308.2,1308.2,173.3333
2015-03-01,1307.0,1307.0,1307.0,1307.0,146.6667
2015-03-02,1305.8,1305.8,1305.8,1305.8,120.0
2015-03-03,1304.2,1304.2,1304.2,1304.2,50.0
2015-03-04,1300.6,1300.6,1300.6,1300.6,30.0
2015-03-05,1296.1,1296.1,1296.1,1296.1,30.0
2015-03-06,1265.6,1265.6,1265.6,1265.6,170.0
2015-03-07,1266.4,1266.4,1266.4,1266.4,130.0
2015-03-08,1267.2,1267.2,1267.2,1267.2,90.0
2015-03-09,1268.0,1268.0,1268.0,1268.0,50.0
2015-03-10,1258.1,1258.1,1258.1,1258.1,90.0
2015-03-11,1248.4,1248.4,1248.4,1248.4,70.0
2015-03-12,1249.0,1249.0,1249.0,1249.0,60.0
2015-03-13,1248.9,1248.9,1248.9,1248.9,40.0
2015-03-14,1249.0333,1249.0333,1249.0333,1249.0333,46.6667
2015-03-15,1249.1667,1249.1667,1249.1667,1249.1667,53.3333
2015-03-16,1249.3,1249.3,1249.3,1249.3,60.0
2015-03-17,1244.5,1244.5,1244.5,1244.5,70.0
2015-03-18,1247.5,1247.5,1247.5,1247.5,110.0
2015-03-19,1259.5,1259.5,1259.5,1259.5,40.0
2015-03-20,1274.7,1274.7,1274.7,1274.7,50.0
2015-03-21,1275.6333,1275.6333,1275.6333,1275.6333,36.6667
2015-03-22,1276.5667,1276.5667,1276.5667,1276.5667,23.3333
2015-03-23,1277.5,1277.5,1277.5,1277.5,10.0
2015-03-24,1281.2,1281.2,1281.2,1281.2,410.0
2015-03-25,1287.3,1287.3,1287.3,1287.3,10.0
2015-03-26,1297.0,1297.0,1297.0,1297.0,70.0
2015-03-27,1291.9,1291.9,1291.9,1291.9,0.0
2015-03-28,1286.7333,1286.7333,1286.7333,1286.7333,12663.3333
2015-03-29,1281.5667,1281.5667,1281.5667,1281.5667,25326.6667
2015-03-30,1276.4,1276.4,1276.4,1276.4,37990.0
2015-03-31,1272.2,1272.2,1272.2,1272.2,3410.0
2015-04-01,1294.2,1294.2,1294.2,1294.2,1630.0
2015-04-02,1288.2,1288.2,1288.2,1288.2,1680.0
2015-04-03,1288.2,1288.2,1288.2,1288.2,0.0
2015-04-04,1293.9333,1293.9333,1293.9333,1293.9333,113.3333
2015-04-05,1299.6667,1299.6667,1299.6667,1299.6667,226.6667
2015-04-06,1305.4,1305.4,1305.4,1305.4,340.0
2015-04-07,1298.4,1298.4,1298.4,1298.4,410.0
2015-04-08,1291.1,1291.1,1291.1,1291.1,240.0
2015-04-09,1281.6,1281.6,1281.6,1281.6,520.0
2015-04-10,1293.3,1293.3,1293.3,1293.3,200.0
2015-04-11,1291.4667,1291.4667,1291.4667,1291.4667,273.3333
2015-04-12,1289.6333,1289.6333,1289.6333,1289.6333,346.6667
2015-04-13,1287.8,1287.8,1287.8,1287.8,420.0
2015-04-14,1278.1,1278.1,1278.1,1278.1,550.0
2015-04-15,1286.5,1286.5,1286.5,1286.5,200.0
2015-04-16,1283.0,1283.0,1283.0,1283.0,200.0
2015-04-17,1288.1,1288.1,1288.1,1288.1,20.0
2015-04-18,1285.1667,1285.1667,1285.1667,1285.1667,36.6667
2015-04-19,1282.2333,1282.2333,1282.2333,1282.2333,53.3333
2015-04-20,1279.3,1279.3,1279.3,1279.3,70.0
2015-04-21,1289.1,1289.1,1289.1,1289.1,30.0
2015-04-22,1274.7,1274.7,1274.7,1274.7,90.0
2015-04-23,1282.0,1282.0,1282.0,1282.0,330.0
2015-04-24,1260.4,1260.4,1260.4,1260.4,50.0
2015-04-25,1270.0,1270.0,1270.0,1270.0,96.6667
2015-04-26,1279.6,1279.6,1279.6,1279.6,143.3333
2015-04-27,1289.2,1289.2,1289.2,1289.2,190.0
2015-04-28,1301.4,1301.4,1301.4,1301.4,10.0
2015-04-29,1300.0,1300.0,1300.0,1300.0,110.0
2015-04-30,1273.0,1273.0,1273.0,1273.0,140.0
2015-05-01,1266.1,1266.1,1266.1,1266.1,20.0
2015-05-02,1270.4,1270.4,1270.4,1270.4,26.6667
2015-05-03,1274.7,1274.7,1274.7,1274.7,33.3333
2015-05-04,1279.0,1279.0,1279.0,1279.0,40.0
2015-05-05,1288.2,1288.2,1288.2,1288.2,50.0
2015-05-06,1286.7,1286.7,1286.7,1286.7,10.0
2015-05-07,1278.5,1278.5,1278.5,1278.5,40.0
2015-05-08,1282.5,1282.5,1282.5,1282.5,50.0
2015-05-09,1280.7667,1280.7667,1280.7667,1280.7667,43.3333
2015-05-10,1279.0333,1279.0333,1279.0333,1279.0333,36.6667
2015-05-11,1277.3,1277.3,1277.3,1277.3,30.0
2015-05-12,1287.0,1287.0,1287.0,1287.0,10.0
2015-05-13,1312.2,1312.2,1312.2,1312.2,30.0
2015-05-14,1319.0,1319.0,1319.0,1319.0,40.0
2015-05-15,1318.9,1318.9,1318.9,1318.9,10.0
2015-05-16,1319.6667,1319.6667,1319.6667,1319.6667,10.0
2015-05-17,1320.4333,1320.4333,1320.4333,1320.4333,10.0
2015-05-18,1321.2,1321.2,1321.2,1321.2,10.0
2015-05-19,1301.4,1317.5,1318.2,1317.5,0.0
2015-05-20,1303.5,1303.5,1303.5,1303.5,10.0
2015-05-21,1298.1,1298.1,1298.1,1296.5,40.0
2015-05-22,1299.7,1299.7,1299.7,1292.0,0.0
2015-05-23,1252.05,1252.75,1252.75,1247.95,0.0
2015-05-24,1204.4,1205.8,1205.8,1203.9,0.0
2015-05-25,1207.4,1204.6,1209.0,1203.3,0.0
2015-05-26,1282.2,1288.9,1288.9,1280.0,0.0
2015-05-27,1278.6,1278.6,1278.6,1279.0,30.0
2015-05-28,1280.5,1280.5,1280.5,1278.0,52710.0
2015-05-29,1280.7,1280.7,1280.7,1276.5,4750.0
2015-05-30,1280.6,1280.6,1280.6,1277.8,3580.0
2015-05-31,1280.5,1280.5,1280.5,1279.1,2410.0
2015-06-01,1280.4,1280.4,1280.4,1280.4,1240.0
2015-06-02,1287.8,1287.8,1287.8,1287.8,1000.0
2015-06-03,1279.9,1279.9,1279.9,1279.9,0.0
2015-06-04,1270.1,1270.1,1270.1,1268.5,450.0
2015-06-05,1266.6,1264.0,1266.8,1263.0,10.0
2015-06-06,1268.4,1266.6667,1268.5333,1266.0,63.3333
2015-06-07,1270.2,1269.3333,1270.2667,1269.0,116.6667
2015-06-08,1272.0,1272.0,1272.0,1272.0,170.0
2015-06-09,1276.8,1276.8,1276.8,1276.8,140.0
2015-06-10,1288.6,1288.6,1288.6,1288.6,300.0
2015-06-11,1282.6,1282.6,1282.6,1282.6,70.0
2015-06-12,1281.0,1281.0,1281.0,1281.0,140.0
2015-06-13,1282.6,1282.6,1282.6,1282.6,126.6667
2015-06-14,1284.2,1284.2,1284.2,1284.2,113.3333
2015-06-15,1285.8,1285.8,1285.8,1285.8,100.0
2015-06-16,1279.4,1279.4,1279.4,1279.4,30.0
2015-06-17,1276.9,1276.9,1276.9,1276.9,170.0
2015-06-18,1300.8,1300.8,1300.8,1300.8,130.0
2015-06-19,1299.4,1299.4,1299.4,1296.0,140.0
2015-06-20,1293.6333,1293.6333,1293.6333,1291.3667,103.3333
2015-06-21,1287.8667,1287.8667,1287.8667,1286.7333,66.6667
2015-06-22,1282.1,1282.1,1282.1,1282.1,30.0
2015-06-23,1274.8,1274.8,1274.8,1274.8,60.0
2015-06-24,1271.0,1271.0,1271.0,1271.0,260.0
2015-06-25,1270.3,1270.3,1270.3,1270.3,100.0
2015-06-26,1273.1,1273.1,1273.1,1270.0,30.0
2015-06-27,1274.7333,1274.7333,1274.7333,1272.6667,76.6667
2015-06-28,1276.3667,1276.3667,1276.3667,1275.3333,123.3333
2015-06-29,1278.0,1278.0,1278.0,1278.0,170.0
2015-06-30,1270.8,1270.8,1270.8,1270.8,220.0
2015-07-01,1268.5,1268.5,1268.5,1268.0,0.0
2015-07-02,1261.5,1261.5,1261.5,1261.5,320.0
2015-07-03,1167.8,1164.7,1169.0,1164.6,0.0
2015-07-04,1202.0667,1200.0,1202.8667,1199.9333,210.0
2015-07-05,1236.3333,1235.3,1236.7333,1235.2667,420.0
2015-07-06,1270.6,1270.6,1270.6,1270.6,630.0
2015-07-07,1249.5,1249.5,1249.5,1249.5,470.0
2015-07-08,1258.6,1258.6,1258.6,1258.6,70.0
2015-07-09,1255.1,1255.1,1255.1,1255.1,70.0
2015-07-10,1256.6,1256.6,1256.6,1256.6,0.0
2015-07-11,1256.0667,1256.0667,1256.0667,1256.0667,3.3333
2015-07-12,1255.5333,1255.5333,1255.5333,1255.5333,6.6667
2015-07-13,1255.0,1255.0,1255.0,1255.0,10.0
2015-07-14,1252.4,1252.4,1252.4,1252.4,40.0
2015-07-15,1246.3,1246.3,1246.3,1246.3,20.0
2015-07-16,1243.2,1243.2,1243.2,1243.2,10.0
2015-07-17,1230.7,1230.7,1230.7,1230.7,120.0
2015-07-18,1222.3,1222.3,1222.3,1222.3,143.3333
2015-07-19,1213.9,1213.9,1213.9,1213.9,166.6667
2015-07-20,1205.5,1205.5,1205.5,1205.5,190.0
2015-07-21,1199.5,1199.5,1199.5,1199.5,120.0
2015-07-22,1187.6,1187.6,1187.6,1187.6,50.0
2015-07-23,1190.1,1190.1,1190.1,1190.1,60.0
2015-07-24,1180.0,1180.0,1180.0,1180.0,50.0
2015-07-25,1183.5333,1183.5333,1183.5333,1183.5333,40.0
2015-07-26,1187.0667,1187.0667,1187.0667,1187.0667,30.0
2015-07-27,1190.6,1190.6,1190.6,1190.6,20.0
2015-07-28,1190.6,1190.6,1190.6,1190.6,30.0
2015-07-29,1187.5,1187.5,1187.5,1187.5,10.0
2015-07-30,1183.4,1183.4,1183.4,1183.4,49300.0
2015-07-31,1183.1,1183.1,1183.1,1183.1,5700.0
2015-08-01,1181.0,1181.0,1181.0,1181.0,4606.6667
2015-08-02,1178.9,1178.9,1178.9,1178.9,3513.3333
2015-08-03,1176.8,1176.8,1176.8,1176.8,2420.0
2015-08-04,1178.7,1178.7,1178.7,1178.7,1140.0
2015-08-05,1177.1,1177.1,1177.1,1177.1,1210.0
2015-08-06,1181.6,1181.6,1181.6,1181.6,270.0
2015-08-07,1185.8,1185.8,1185.8,1185.8,610.0
2015-08-08,1189.1333,1189.1333,1189.1333,1189.1333,706.6667
2015-08-09,1192.4667,1192.4667,1192.4667,1192.4667,803.3333
2015-08-10,1195.8,1195.8,1195.8,1195.8,900.0
2015-08-11,1197.7,1197.7,1197.7,1197.7,0.0
2015-08-12,1213.0,1213.0,1213.0,1213.0,800.0
2015-08-13,1205.1,1205.1,1205.1,1205.1,440.0
2015-08-14,1202.3,1202.3,1202.3,1202.3,910.0
2015-08-15,1204.1667,1204.1667,1204.1667,1204.1667,610.0
2015-08-16,1206.0333,1206.0333,1206.0333,1206.0333,310.0
2015-08-17,1207.9,1207.9,1207.9,1207.9,10.0
2015-08-18,1206.3,1206.3,1206.3,1206.3,480.0
2015-08-19,1217.1,1217.1,1217.1,1217.1,350.0
2015-08-20,1242.2,1242.2,1242.2,1242.2,410.0
2015-08-21,1246.8,1246.8,1246.8,1246.8,260.0
2015-08-22,1244.1667,1244.1667,1244.1667,1244.1667,273.3333
2015-08-23,1241.5333,1241.5333,1241.5333,1241.5333,286.6667
2015-08-24,1238.9,1238.9,1238.9,1238.9,300.0
2015-08-25,1223.7,1223.7,1223.7,1223.7,220.0
2015-08-26,1209.0,1209.0,1209.0,1209.0,120.0
2015-08-27,1207.2,1207.2,1207.2,1207.2,130.0
2015-08-28,1218.4,1218.4,1218.4,1218.4,280.0
2015-08-29,1217.9,1217.9,1217.9,1217.9,250.0
2015-08-30,1217.4,1217.4,1217.4,1217.4,220.0
2015-08-31,1216.9,1216.9,1216.9,1216.9,190.0
2015-09-01,1221.3,1221.3,1221.3,1221.3,380.0
2015-09-02,1214.4,1214.4,1214.4,1214.4,200.0
2015-09-03,1203.5,1203.5,1203.5,1203.5,120.0
2015-09-04,1200.5,1200.5,1200.5,1200.5,50.0
2015-09-05,1160.2,1161.4,1161.8,1160.05,25.0
2015-09-06,1119.9,1122.3,1123.1,1119.6,0.0
2015-09-07,1119.9,1119.5,1124.0,1115.2,0.0
2015-09-08,1199.9,1199.9,1199.9,1199.9,140.0
2015-09-09,1180.7,1180.7,1180.7,1180.7,250.0
2015-09-10,1187.9,1187.9,1187.9,1187.9,60.0
2015-09-11,1181.9,1181.9,1181.9,1181.9,80.0
2015-09-12,1183.1667,1183.1667,1183.1667,1183.1667,60.0
2015-09-13,1184.4333,1184.4333,1184.4333,1184.4333,40.0
2015-09-14,1185.7,1185.7,1185.7,1185.7,20.0
2015-09-15,1180.5,1180.5,1180.5,1180.5,10.0
2015-09-16,1196.3,1188.4,1188.4,1188.4,0.0
2015-09-17,1194.9,1194.9,1194.9,1194.9,10.0
2015-09-18,1214.1,1214.1,1214.1,1214.1,60.0
2015-09-19,1212.5333,1212.5333,1212.5333,1212.5333,40.0
2015-09-20,1210.9667,1210.9667,1210.9667,1210.9667,20.0
2015-09-21,1209.4,1209.4,1209.4,1209.4,0.0
2015-09-22,1199.6,1199.6,1199.6,1199.6,40.0
2015-09-23,1206.3,1206.3,1206.3,1206.3,30.0
2015-09-24,1226.9,1226.9,1226.9,1226.9,40.0
2015-09-25,1218.8,1218.8,1218.8,1218.8,60.0
2015-09-26,1214.0,1214.0,1214.0,1214.0,43.3333
2015-09-27,1209.2,1209.2,1209.2,1209.2,26.6667
2015-09-28,1204.4,1204.4,1204.4,1204.4,10.0
2015-09-29,1199.1,1199.1,1199.1,1199.1,2420.0
2015-09-30,1183.6,1183.6,1183.6,1183.6,870.0
2015-10-01,1182.1,1182.1,1182.1,1182.1,1180.0
2015-10-02,1204.2,1204.2,1204.2,1204.2,320.0
2015-10-03,1203.9667,1203.9667,1203.9667,1203.9667,290.0
2015-10-04,1203.7333,1203.7333,1203.7333,1203.7333,260.0
2015-10-05,1203.5,1203.5,1203.5,1203.5,230.0
2015-10-06,1211.3,1211.3,1211.3,1211.3,150.0
2015-10-07,1214.0,1214.0,1214.0,1214.0,100.0
2015-10-08,1209.9,1209.9,1209.9,1209.9,140.0
2015-10-09,1222.4,1222.4,1222.4,1222.4,20.0
2015-10-10,1225.3,1225.3,1225.3,1225.3,26.6667
2015-10-11,1228.2,1228.2,1228.2,1228.2,33.3333
2015-10-12,1231.1,1231.1,1231.1,1231.1,40.0
2015-10-13,1231.7,1231.7,1231.7,1231.7,130.0
2015-10-14,1243.6,1243.6,1243.6,1243.6,140.0
2015-10-15,1251.4,1251.4,1251.4,1251.4,140.0
2015-10-16,1246.6,1246.6,1246.6,1246.6,240.0
2015-10-17,1243.1667,1243.1667,1243.1667,1243.1667,180.0
2015-10-18,1239.7333,1239.7333,1239.7333,1239.7333,120.0
2015-10-19,1236.3,1236.3,1236.3,1236.3,60.0
2015-10-20,1240.9,1240.9,1240.9,1240.9,20.0
2015-10-21,1229.7,1229.7,1229.7,1229.7,40.0
2015-10-22,1228.2,1228.2,1228.2,1228.2,50.0
2015-10-23,1218.7,1218.7,1218.7,1218.7,150.0
2015-10-24,1219.2333,1219.2333,1219.2333,1219.2333,160.0
2015-10-25,1219.7667,1219.7667,1219.7667,1219.7667,170.0
2015-10-26,1220.3,1220.3,1220.3,1220.3,180.0
2015-10-27,1218.2,1218.2,1218.2,1218.2,300.0
2015-10-28,1229.3,1229.3,1229.3,1229.3,0.0
2015-10-29,1201.8,1201.8,1201.8,1201.8,330.0
2015-10-30,1195.2,1195.2,1195.2,1195.2,250.0
2015-10-31,1193.6,1193.6,1193.6,1193.6,226.6667
2015-11-01,1192.0,1192.0,1192.0,1192.0,203.3333
2015-11-02,1190.4,1190.4,1190.4,1190.4,180.0
2015-11-03,1168.6,1168.6,1168.6,1168.6,190.0
2015-11-04,1161.2,1161.2,1161.2,1161.2,140.0
2015-11-05,1160.1,1160.1,1160.1,1160.1,80.0
2015-11-06,1147.9,1147.9,1147.9,1147.9,80.0
2015-11-07,1148.3333,1148.3333,1148.3333,1148.3333,53.3333
2015-11-08,1148.7667,1148.7667,1148.7667,1148.7667,26.6667
2015-11-09,1149.2,1149.2,1149.2,1149.2,0.0
2015-11-10,1149.4,1149.4,1149.4,1149.4,20.0
2015-11-11,1145.4,1145.4,1145.4,1145.4,0.0
2015-11-12,1141.3,1141.3,1141.3,1141.3,0.0
2015-11-13,1141.3,1141.3,1141.3,1141.3,20.0
2015-11-14,1141.7,1141.7,1141.7,1141.7,13.3333
2015-11-15,1142.1,1142.1,1142.1,1142.1,6.6667
2015-11-16,1142.5,1142.5,1142.5,1142.5,0.0
2015-11-17,1126.9,1131.0,1138.4,1131.0,10.0
2015-11-18,1126.9,1126.9,1126.9,1126.9,10.0
2015-11-19,1135.6,1135.2,1135.2,1135.2,0.0
2015-11-20,1133.8,1133.8,1133.8,1133.8,10.0
2015-11-21,1130.7667,1130.7667,1130.7667,1130.7667,26.6667
2015-11-22,1127.7333,1127.7333,1127.7333,1127.7333,43.3333
2015-11-23,1124.7,1124.7,1124.7,1124.7,60.0
2015-11-24,1131.6,1131.6,1131.6,1131.6,220.0
2015-11-25,1128.4,1128.4,1128.4,1128.4,60.0
2015-11-26,1070.8,1070.1,1074.2,1069.2,0.0
2015-11-27,1114.5,1114.5,1114.5,1114.5,52130.0
2015-11-28,1117.6333,1117.6333,1117.6333,1117.6333,36286.6667
2015-11-29,1120.7667,1120.7667,1120.7667,1120.7667,20443.3333
2015-11-30,1123.9,1123.9,1123.9,1123.9,4600.0
2015-12-01,1122.0,1122.0,1122.0,1122.0,3440.0
2015-12-02,1112.4,1112.4,1112.4,1112.4,500.0
2015-12-03,1120.6,1120.6,1120.6,1120.6,1160.0
2015-12-04,1143.2,1143.2,1143.2,1143.2,890.0
2015-12-05,1140.2333,1140.2333,1140.2333,1140.2333,813.3333
2015-12-06,1137.2667,1137.2667,1137.2667,1137.2667,736.6667
2015-12-07,1134.3,1134.3,1134.3,1134.3,660.0
2015-12-08,1134.0,1134.0,1134.0,1134.0,310.0
2015-12-09,1134.9,1134.9,1134.9,1134.9,390.0
2015-12-10,1130.3,1130.3,1130.3,1130.3,230.0
2015-12-11,1133.8,1133.8,1133.8,1133.8,410.0
2015-12-12,1129.6667,1129.6667,1129.6667,1129.6667,443.3333
2015-12-13,1125.5333,1125.5333,1125.5333,1125.5333,476.6667
2015-12-14,1121.4,1121.4,1121.4,1121.4,510.0
2015-12-15,1119.8,1119.8,1119.8,1119.8,220.0
2015-12-16,1135.3,1135.3,1135.3,1135.3,80.0
2015-12-17,1108.1,1108.1,1108.1,1108.1,60.0
2015-12-18,1123.3,1123.3,1123.3,1123.3,250.0
2015-12-19,1129.0333,1129.0333,1129.0333,1129.0333,166.6667
2015-12-20,1134.7667,1134.7667,1134.7667,1134.7667,83.3333
2015-12-21,1140.5,1140.5,1140.5,1140.5,0.0
2015-12-22,1134.0,1134.0,1134.0,1134.0,110.0
2015-12-23,1128.2,1128.2,1128.2,1128.2,200.0
2015-12-24,1135.9,1135.9,1135.9,1135.9,20.0
2015-12-25,1133.95,1133.95,1133.95,1133.95,105.0
2015-12-26,1132.0,1132.0,1132.0,1132.0,190.0
2015-12-27,1130.05,1130.05,1130.05,1130.05,275.0
2015-12-28,1128.1,1128.1,1128.1,1128.1,360.0
2015-12-29,1128.6,1128.6,1128.6,1128.6,0.0
2015-12-30,1120.8,1120.8,1120.8,1120.8,0.0
2015-12-31,1121.0,1121.0,1121.0,1121.0,10.0
2016-01-01,1124.625,1124.625,1124.625,1124.625,42.5
2016-01-02,1128.25,1128.25,1128.25,1128.25,75.0
2016-01-03,1131.875,1131.875,1131.875,1131.875,107.5
2016-01-04,1135.5,1135.5,1135.5,1135.5,140.0
2016-01-05,1138.4,1138.4,1138.4,1138.4,80.0
2016-01-06,1151.9,1151.9,1151.9,1151.9,50.0
2016-01-07,1162.7,1162.7,1162.7,1162.7,120.0
2016-01-08,1151.7,1151.7,1151.7,1151.7,100.0
2016-01-09,1150.6333,1150.6333,1150.6333,1150.6333,80.0
2016-01-10,1149.5667,1149.5667,1149.5667,1149.5667,60.0
2016-01-11,1148.5,1148.5,1148.5,1148.5,40.0
2016-01-12,1137.1,1137.1,1137.1,1137.1,90.0
2016-01-13,1137.4,1137.4,1137.4,1137.4,50.0
2016-01-14,1123.0,1123.0,1123.0,1123.0,60.0
2016-01-15,1137.5,1137.5,1137.5,1137.5,40.0
2016-01-16,1113.9,1113.05,1114.15,1113.05,20.0
2016-01-17,1090.3,1088.6,1090.8,1088.6,0.0
2016-01-18,1088.5,1090.2,1093.3,1087.4,0.0
2016-01-19,1135.8,1135.8,1135.8,1135.8,20.0
2016-01-20,1151.7,1151.7,1151.7,1151.7,30.0
2016-01-21,1143.6,1143.6,1143.6,1143.6,20.0
2016-01-22,1142.6,1142.6,1142.6,1142.6,0.0
2016-01-23,1145.8667,1145.8667,1145.8667,1145.8667,3.3333
2016-01-24,1149.1333,1149.1333,1149.1333,1149.1333,6.6667
2016-01-25,1152.4,1152.4,1152.4,1152.4,10.0
2016-01-26,1167.3,1167.3,1167.3,1167.3,180.0
2016-01-27,1163.9,1163.9,1163.9,1163.9,10.0
2016-01-28,1163.7,1163.7,1163.7,1163.7,52860.0
2016-01-29,1161.9,1161.9,1161.9,1161.9,0.0
2016-01-30,1165.7667,1165.7667,1165.7667,1165.7667,560.0
2016-01-31,1169.6333,1169.6333,1169.6333,1169.6333,1120.0
2016-02-01,1173.5,1173.5,1173.5,1173.5,1680.0
2016-02-02,1170.1,1170.1,1170.1,1170.1,1230.0
2016-02-03,1183.3,1183.3,1183.3,1183.3,1630.0
2016-02-04,1197.7,1197.7,1197.7,1197.7,770.0
2016-02-05,1198.0,1220.4,1220.4,1220.4,0.0
2016-02-06,1211.4,1228.2,1228.2,1228.2,0.0
2016-02-07,1224.8,1236.0,1236.0,1236.0,0.0
2016-02-08,1238.2,1243.8,1243.8,1243.8,0.0
2016-02-09,1236.9,1236.9,1236.9,1236.9,700.0
2016-02-10,1232.6,1232.6,1232.6,1232.6,670.0
2016-02-11,1282.1,1269.0,1269.0,1269.0,0.0
2016-02-12,1271.2,1271.2,1271.2,1271.2,10.0
2016-02-13,1252.4,1253.45,1253.55,1251.3,5.0
2016-02-14,1233.6,1235.7,1235.9,1231.4,0.0
2016-02-15,1208.1,1234.0,1235.1,1202.8,0.0
2016-02-16,1241.1,1230.0,1230.0,1230.0,0.0
2016-02-17,1247.2,1247.2,1247.2,1247.2,50.0
2016-02-18,1262.5,1262.5,1262.5,1262.5,320.0
2016-02-19,1267.4,1267.4,1267.4,1267.4,80.0
2016-02-20,1260.5,1260.2667,1260.2667,1260.2667,53.3333
2016-02-21,1253.6,1253.1333,1253.1333,1253.1333,26.6667
2016-02-22,1246.7,1246.0,1246.0,1246.0,0.0
2016-02-23,1261.4,1261.4,1261.4,1261.4,350.0
2016-02-24,1277.1,1277.1,1277.1,1277.1,110.0
2016-02-25,1277.0,1277.0,1277.0,1277.0,0.0
2016-02-26,1258.8,1258.8,1258.8,1258.8,660.0
2016-02-27,1263.6333,1263.6333,1263.6333,1263.6333,633.3333
2016-02-28,1268.4667,1268.4667,1268.4667,1268.4667,606.6667
2016-02-29,1273.3,1273.3,1273.3,1273.3,580.0
2016-03-01,1271.2,1271.2,1271.2,1271.2,480.0
2016-03-02,1283.0,1283.0,1283.0,1283.0,270.0
2016-03-03,1300.7,1300.7,1300.7,1300.7,120.0
2016-03-04,1315.6,1315.6,1315.6,1315.6,0.0
2016-03-05,1313.8333,1313.8333,1313.8333,1313.8333,23.3333
2016-03-06,1312.0667,1312.0667,1312.0667,1312.0667,46.6667
2016-03-07,1310.3,1310.3,1310.3,1310.3,70.0
2016-03-08,1309.0,1309.0,1309.0,1309.0,0.0
2016-03-09,1303.4,1304.0,1304.0,1304.0,0.0
2016-03-10,1320.1,1299.0,1299.0,1299.0,0.0
2016-03-11,1308.6,1308.6,1308.6,1308.6,90.0
2016-03-12,1303.8667,1300.7333,1301.2,1300.7333,60.0
2016-03-13,1299.1333,1292.8667,1293.8,1292.8667,30.0
2016-03-14,1294.4,1285.0,1286.4,1285.0,0.0
2016-03-15,1280.2,1280.2,1280.2,1280.2,40.0
2016-03-16,1280.9,1280.9,1280.9,1280.9,50.0
2016-03-17,1314.1,1314.1,1314.1,1314.1,30.0
2016-03-18,1302.0,1302.0,1302.0,1302.0,0.0
2016-03-19,1298.9,1298.9,1298.9,1298.9,353.3333
2016-03-20,1295.8,1295.8,1295.8,1295.8,706.6667
2016-03-21,1292.7,1292.7,1292.7,1292.7,1060.0
2016-03-22,1298.8,1298.8,1298.8,1298.8,20.0
2016-03-23,1274.0,1299.0,1299.0,1269.7,10.0
2016-03-24,1272.4,1272.4,1272.4,1272.4,10.0
2016-03-25,1216.7,1216.7,1216.7,1216.7,0.0
2016-03-26,1234.7,1234.7,1234.7,1234.7,10.0
2016-03-27,1252.7,1252.7,1252.7,1252.7,20.0
2016-03-28,1270.7,1270.7,1270.7,1270.7,30.0
2016-03-29,1286.3,1286.3,1286.3,1286.3,40.0
2016-03-30,1276.9,1276.9,1276.9,1276.9,48250.0
2016-03-31,1280.9,1280.9,1280.9,1280.9,3380.0
2016-04-01,1268.9,1268.9,1268.9,1268.9,1600.0
2016-04-02,1267.5,1267.5,1267.5,1267.5,1746.6667
2016-04-03,1266.1,1266.1,1266.1,1266.1,1893.3333
2016-04-04,1264.7,1264.7,1264.7,1264.7,2040.0
2016-04-05,1274.5,1274.5,1274.5,1274.5,480.0
2016-04-06,1268.8,1268.8,1268.8,1268.8,250.0
2016-04-07,1282.3,1282.3,1282.3,1282.3,380.0
2016-04-08,1287.3,1287.3,1287.3,1287.3,410.0
2016-04-09,1292.3333,1292.3333,1292.3333,1292.3333,420.0
2016-04-10,1297.3667,1297.3667,1297.3667,1297.3667,430.0
2016-04-11,1302.4,1302.4,1302.4,1302.4,440.0
2016-04-12,1306.4,1306.4,1306.4,1306.4,190.0
2016-04-13,1293.9,1293.9,1293.9,1293.9,200.0
2016-04-14,1272.1,1272.1,1272.1,1272.1,260.0
2016-04-15,1279.7,1279.7,1279.7,1279.7,100.0
2016-04-16,1279.9,1279.9,1279.9,1279.9,66.6667
2016-04-17,1280.1,1280.1,1280.1,1280.1,33.3333
2016-04-18,1280.3,1280.3,1280.3,1280.3,0.0
2016-04-19,1300.8,1300.8,1300.8,1300.8,390.0
2016-04-20,1302.3,1302.3,1302.3,1302.3,180.0
2016-04-21,1299.5,1299.5,1299.5,1299.5,120.0
2016-04-22,1278.8,1278.8,1278.8,1278.8,190.0
2016-04-23,1282.2333,1282.2333,1282.2333,1282.2333,273.3333
2016-04-24,1285.6667,1285.6667,1285.6667,1285.6667,356.6667
2016-04-25,1289.1,1289.1,1289.1,1289.1,440.0
2016-04-26,1292.4,1292.4,1292.4,1292.4,100.0
2016-04-27,1299.8,1299.8,1299.8,1299.8,40.0
2016-04-28,1316.8,1316.8,1316.8,1316.8,300.0
2016-04-29,1341.4,1341.4,1341.4,1341.4,460.0
2016-04-30,1343.3667,1343.3667,1343.3667,1343.3667,370.0
2016-05-01,1345.3333,1345.3333,1345.3333,1345.3333,280.0
2016-05-02,1347.3,1347.3,1347.3,1347.3,190.0
2016-05-03,1342.8,1342.8,1342.8,1342.8,0.0
2016-05-04,1324.3,1324.3,1324.3,1324.3,110.0
2016-05-05,1317.8,1317.8,1317.8,1317.8,330.0
2016-05-06,1340.1,1340.1,1340.1,1340.1,310.0
2016-05-07,1331.0333,1331.0333,1331.0333,1331.0333,320.0
2016-05-08,1321.9667,1321.9667,1321.9667,1321.9667,330.0
2016-05-09,1312.9,1312.9,1312.9,1312.9,340.0
2016-05-10,1311.3,1311.3,1311.3,1311.3,20.0
2016-05-11,1322.6,1322.6,1322.6,1322.6,10.0
2016-05-12,1317.7,1317.7,1317.7,1317.7,100.0
2016-05-13,1319.5,1319.5,1319.5,1319.5,70.0
2016-05-14,1320.2667,1320.2667,1320.2667,1320.2667,60.0
2016-05-15,1321.0333,1321.0333,1321.0333,1321.0333,50.0
2016-05-16,1321.8,1321.8,1321.8,1321.8,40.0
2016-05-17,1324.9,1324.9,1324.9,1324.9,20.0
2016-05-18,1324.3,1324.3,1324.3,1324.3,20.0
2016-05-19,1305.9,1305.9,1305.9,1305.9,70.0
2016-05-20,1305.9,1305.9,1305.9,1305.9,40.0
2016-05-21,1305.5667,1305.5667,1305.5667,1305.5667,46.6667
2016-05-22,1305.2333,1305.2333,1305.2333,1305.2333,53.3333
2016-05-23,1304.9,1304.9,1304.9,1304.9,60.0
2016-05-24,1282.7,1282.7,1282.7,1282.7,20.0
2016-05-25,1277.4,1277.4,1277.4,1277.4,10.0
2016-05-26,1273.6,1273.6,1273.6,1273.6,0.0
2016-05-27,1267.6,1267.6,1267.6,1267.6,63740.0
2016-05-28,1249.1167,1247.8167,1249.45,1245.6667,42493.3333
2016-05-29,1230.6333,1228.0333,1231.3,1223.7333,21246.6667
2016-05-30,1212.15,1208.25,1213.15,1201.8,0.0
2016-05-31,1269.3,1269.3,1269.3,1269.3,6430.0
2016-06-01,1267.2,1267.2,1267.2,1267.2,2720.0
2016-06-02,1264.9,1264.9,1264.9,1264.9,1630.0
2016-06-03,1294.6,1294.6,1294.6,1294.6,0.0
2016-06-04,1296.2,1296.2,1296.2,1296.2,380.0
2016-06-05,1297.8,1297.8,1297.8,1297.8,760.0
2016-06-06,1299.4,1299.4,1299.4,1299.4,1140.0
2016-06-07,1298.8,1298.8,1298.8,1298.8,280.0
2016-06-08,1314.0,1314.0,1314.0,1314.0,410.0
2016-06-09,1324.4,1324.4,1324.4,1324.4,380.0
2016-06-10,1327.7,1327.7,1327.7,1327.7,10.0
2016-06-11,1331.0333,1331.0333,1331.0333,1331.0333,116.6667
2016-06-12,1334.3667,1334.3667,1334.3667,1334.3667,223.3333
2016-06-13,1337.7,1337.7,1337.7,1337.7,330.0
2016-06-14,1335.2,1335.2,1335.2,1335.2,550.0
2016-06-15,1335.0,1335.0,1335.0,1335.0,0.0
2016-06-16,1345.6,1345.6,1345.6,1345.6,250.0
2016-06-17,1342.9,1342.9,1342.9,1342.9,130.0
2016-06-18,1343.3333,1343.3333,1343.3333,1343.3333,103.3333
2016-06-19,1343.7667,1343.7667,1343.7667,1343.7667,76.6667
2016-06-20,1344.2,1344.2,1344.2,1344.2,50.0
2016-06-21,1324.6,1324.6,1324.6,1324.6,130.0
2016-06-22,1322.1,1322.1,1322.1,1322.1,50.0
2016-06-23,1317.7,1317.7,1317.7,1317.7,220.0
2016-06-24,1376.8,1376.8,1376.8,1376.8,690.0
2016-06-25,1377.4667,1377.4667,1377.4667,1377.4667,490.0
2016-06-26,1378.1333,1378.1333,1378.1333,1378.1333,290.0
2016-06-27,1378.8,1378.8,1378.8,1378.8,90.0
2016-06-28,1372.2,1372.2,1372.2,1372.2,20.0
2016-06-29,1381.4,1381.4,1381.4,1381.4,410.0
2016-06-30,1375.0,1375.0,1375.0,1375.0,560.0
2016-07-01,1394.3,1394.3,1394.3,1394.3,0.0
2016-07-02,1369.9,1369.4,1370.925,1366.575,0.0
2016-07-03,1345.5,1344.5,1347.55,1338.85,0.0
2016-07-04,1352.0,1345.0,1360.15,1343.0,0.0
2016-07-05,1414.4,1414.4,1414.4,1414.4,0.0
2016-07-06,1422.8,1422.8,1422.8,1422.8,0.0
2016-07-07,1415.0,1415.0,1415.0,1415.0,210.0
2016-07-08,1412.0,1412.0,1412.0,1412.0,250.0
2016-07-09,1411.7667,1411.7667,1411.7667,1411.7667,176.6667
2016-07-10,1411.5333,1411.5333,1411.5333,1411.5333,103.3333
2016-07-11,1411.3,1411.3,1411.3,1411.3,30.0
2016-07-12,1390.7,1390.7,1390.7,1390.7,250.0
2016-07-13,1399.0,1399.0,1399.0,1399.0,0.0
2016-07-14,1387.7,1387.7,1387.7,1387.7,20.0
2016-07-15,1383.5,1383.5,1383.5,1383.5,50.0
2016-07-16,1384.1333,1384.1333,1384.1333,1384.1333,50.0
2016-07-17,1384.7667,1384.7667,1384.7667,1384.7667,50.0
2016-07-18,1385.4,1385.4,1385.4,1385.4,50.0
2016-07-19,1392.3,1392.3,1392.3,1392.3,350.0
2016-07-20,1379.7,1379.7,1379.7,1379.7,750.0
2016-07-21,1392.2,1392.2,1392.2,1392.2,320.0
2016-07-22,1385.5,1385.5,1385.5,1385.5,60.0
2016-07-23,1384.1,1384.1,1384.1,1384.1,223.3333
2016-07-24,1382.7,1382.7,1382.7,1382.7,386.6667
2016-07-25,1381.3,1381.3,1381.3,1381.3,550.0
2016-07-26,1382.6,1382.6,1382.6,1382.6,50.0
2016-07-27,1392.0,1392.0,1392.0,1392.0,0.0
2016-07-28,1398.8,1402.8,1402.8,1402.8,0.0
2016-07-29,1415.7,1415.7,1415.7,1415.7,6080.0
2016-07-30,1415.8667,1415.8667,1415.8667,1415.8667,4053.3333
2016-07-31,1416.0333,1416.0333,1416.0333,1416.0333,2026.6667
2016-08-01,1416.2,1416.2,1416.2,1416.2,0.0
2016-08-02,1429.4,1429.4,1429.4,1429.4,50.0
2016-08-03,1423.9,1423.9,1423.9,1423.9,720.0
2016-08-04,1427.9,1427.9,1427.9,1427.9,380.0
2016-08-05,1407.9,1407.9,1407.9,1407.9,1110.0
2016-08-06,1407.0333,1407.0333,1407.0333,1407.0333,936.6667
2016-08-07,1406.1667,1406.1667,1406.1667,1406.1667,763.3333
2016-08-08,1405.3,1405.3,1405.3,1405.3,590.0
2016-08-09,1410.6,1409.9,1409.9,1409.9,0.0
2016-08-10,1415.6,1415.6,1415.6,1415.6,110.0
2016-08-11,1414.0,1414.0,1414.0,1414.0,670.0
2016-08-12,1406.8,1406.8,1406.8,1406.8,110.0
2016-08-13,1408.0667,1408.0667,1408.0667,1408.0667,73.3333
2016-08-14,1409.3333,1409.3333,1409.3333,1409.3333,36.6667
2016-08-15,1410.6,1410.6,1410.6,1410.6,0.0
2016-08-16,1419.0,1410.7,1410.7,1410.7,0.0
2016-08-17,1410.6,1410.6,1410.6,1410.6,140.0
2016-08-18,1419.1,1419.1,1419.1,1419.1,140.0
2016-08-19,1408.0,1408.0,1408.0,1408.0,200.0
2016-08-20,1407.0667,1407.0667,1407.0667,1407.0667,173.3333
2016-08-21,1406.1333,1406.1333,1406.1333,1406.1333,146.6667
2016-08-22,1405.2,1405.2,1405.2,1405.2,120.0
2016-08-23,1407.8,1407.8,1407.8,1407.8,550.0
2016-08-24,1390.4,1389.0,1389.0,1389.0,0.0
2016-08-25,1384.0,1384.4,1384.4,1384.4,0.0
2016-08-26,1383.2,1383.2,1383.2,1383.2,140.0
2016-08-27,1383.6,1383.6,1383.6,1383.6,106.6667
2016-08-28,1384.0,1384.0,1384.0,1384.0,73.3333
2016-08-29,1384.4,1384.4,1384.4,1384.4,40.0
2016-08-30,1374.5,1374.5,1374.5,1374.5,710.0
2016-08-31,1367.9,1367.9,1367.9,1367.9,210.0
2016-09-01,1372.6,1372.6,1372.6,1372.6,230.0
2016-09-02,1385.3,1385.3,1385.3,1385.3,60.0
2016-09-03,1355.775,1356.75,1357.025,1355.725,30.0
2016-09-04,1326.25,1328.2,1328.75,1326.15,0.0
2016-09-05,1331.1,1326.35,1332.15,1325.55,0.0
2016-09-06,1411.1,1411.1,1411.1,1411.1,50.0
2016-09-07,1407.1,1407.1,1407.1,1407.1,10.0
2016-09-08,1400.2,1400.2,1400.2,1400.2,30.0
2016-09-09,1393.1,1393.1,1393.1,1393.1,40.0
2016-09-10,1390.2,1390.2,1390.2,1390.2,86.6667
2016-09-11,1387.3,1387.3,1387.3,1387.3,133.3333
2016-09-12,1384.4,1384.4,1384.4,1384.4,180.0
2016-09-13,1380.8,1380.8,1380.8,1380.8,250.0
2016-09-14,1383.3,1386.7,1386.7,1379.2,10.0
2016-09-15,1374.9,1379.3,1379.3,1378.0,0.0
2016-09-16,1367.1,1367.1,1367.1,1367.1,0.0
2016-09-17,1369.5333,1369.5333,1369.5333,1369.5333,6.6667
2016-09-18,1371.9667,1371.9667,1371.9667,1371.9667,13.3333
2016-09-19,1374.4,1374.4,1374.4,1374.4,20.0
2016-09-20,1374.7,1374.7,1374.7,1374.7,100.0
2016-09-21,1388.3,1388.3,1388.3,1388.3,80.0
2016-09-22,1399.2,1399.2,1399.2,1399.2,20.0
2016-09-23,1396.0,1396.0,1396.0,1396.0,40.0
2016-09-24,1396.8667,1396.8667,1396.8667,1396.8667,36.6667
2016-09-25,1397.7333,1397.7333,1397.7333,1397.7333,33.3333
2016-09-26,1398.6,1398.6,1398.6,1398.6,30.0
2016-09-27,1384.4,1384.4,1384.4,1384.4,50.0
2016-09-28,1376.7,1376.7,1376.7,1376.7,30.0
2016-09-29,1379.1,1379.1,1379.1,1379.1,6110.0
2016-09-30,1370.4,1383.5,1383.5,1383.5,0.0
2016-10-01,1368.9,1377.6333,1377.6333,1377.6333,100.0
2016-10-02,1367.4,1371.7667,1371.7667,1371.7667,200.0
2016-10-03,1365.9,1365.9,1365.9,1365.9,300.0
2016-10-04,1322.1,1322.1,1322.1,1322.1,1890.0
2016-10-05,1321.3,1321.3,1321.3,1321.3,250.0
2016-10-06,1305.5,1305.5,1305.5,1305.5,110.0
2016-10-07,1304.5,1304.5,1304.5,1304.5,170.0
2016-10-08,1307.6333,1307.6333,1307.6333,1307.6333,123.3333
2016-10-09,1310.7667,1310.7667,1310.7667,1310.7667,76.6667
2016-10-10,1313.9,1313.9,1313.9,1313.9,30.0
2016-10-11,1309.5,1309.5,1309.5,1309.5,30.0
2016-10-12,1307.7,1307.7,1307.7,1307.7,130.0
2016-10-13,1312.3,1312.3,1312.3,1312.3,320.0
2016-10-14,1310.4,1310.4,1310.4,1310.4,310.0
2016-10-15,1310.8667,1310.8667,1310.8667,1310.8667,220.0
2016-10-16,1311.3333,1311.3333,1311.3333,1311.3333,130.0
2016-10-17,1311.8,1311.8,1311.8,1311.8,40.0
2016-10-18,1318.6,1318.6,1318.6,1318.6,10.0
2016-10-19,1325.2,1325.2,1325.2,1325.2,220.0
2016-10-20,1323.5,1323.5,1323.5,1323.5,420.0
2016-10-21,1323.0,1323.0,1323.0,1323.0,220.0
2016-10-22,1321.0667,1321.0667,1321.0667,1321.0667,160.0
2016-10-23,1319.1333,1319.1333,1319.1333,1319.1333,100.0
2016-10-24,1317.2,1317.2,1317.2,1317.2,40.0
2016-10-25,1331.6,1331.6,1331.6,1331.6,60.0
2016-10-26,1324.6,1324.6,1324.6,1324.6,280.0
2016-10-27,1330.0,1330.0,1330.0,1330.0,0.0
2016-10-28,1337.1,1337.1,1337.1,1337.1,560.0
2016-10-29,1335.9667,1335.9667,1335.9667,1335.9667,393.3333
2016-10-30,1334.8333,1334.8333,1334.8333,1334.8333,226.6667
2016-10-31,1333.7,1333.7,1333.7,1333.7,60.0
2016-11-01,1348.0,1348.0,1348.0,1348.0,150.0
2016-11-02,1368.0,1368.0,1368.0,1368.0,30.0
2016-11-03,1363.8,1363.8,1363.8,1363.8,70.0
2016-11-04,1365.7,1365.7,1365.7,1365.7,10.0
2016-11-05,1357.2667,1357.2667,1357.2667,1357.2667,16.6667
2016-11-06,1348.8333,1348.8333,1348.8333,1348.8333,23.3333
2016-11-07,1340.4,1340.4,1340.4,1340.4,30.0
2016-11-08,1336.2,1336.2,1336.2,1336.2,50.0
2016-11-09,1335.7,1334.0,1334.0,1334.0,0.0
2016-11-10,1326.6,1326.6,1326.6,1326.6,60.0
2016-11-11,1282.7,1282.7,1282.7,1282.7,600.0
2016-11-12,1284.1,1284.1,1284.1,1284.1,400.0
2016-11-13,1285.5,1285.5,1285.5,1285.5,200.0
2016-11-14,1286.9,1286.9,1286.9,1286.9,0.0
2016-11-15,1290.9,1290.9,1290.9,1290.9,20.0
2016-11-16,1290.3,1290.3,1290.3,1290.3,70.0
2016-11-17,1283.8,1283.8,1283.8,1283.8,1140.0
2016-11-18,1276.4,1276.4,1276.4,1276.4,610.0
2016-11-19,1276.5333,1276.5333,1276.5333,1276.5333,406.6667
2016-11-20,1276.6667,1276.6667,1276.6667,1276.6667,203.3333
2016-11-21,1276.8,1276.8,1276.8,1276.8,0.0
2016-11-22,1278.0,1278.0,1278.0,1278.0,20.0
2016-11-23,1256.9,1256.9,1256.9,1256.9,310.0
2016-11-24,1185.55,1189.2,1190.3,1179.75,0.0
2016-11-25,1245.5,1245.5,1245.5,1245.5,10.0
2016-11-26,1249.8667,1249.8667,1249.8667,1249.8667,13.3333
2016-11-27,1254.2333,1254.2333,1254.2333,1254.2333,16.6667
2016-11-28,1258.6,1258.6,1258.6,1258.6,20.0
2016-11-29,1255.5,1255.5,1255.5,1255.5,42120.0
2016-11-30,1238.4,1238.4,1238.4,1238.4,7160.0
2016-12-01,1233.7,1233.7,1233.7,1233.7,1590.0
2016-12-02,1242.4,1242.4,1242.4,1242.4,1520.0
2016-12-03,1242.1667,1240.5,1240.5,1240.5,1013.3333
2016-12-04,1241.9333,1238.6,1238.6,1238.6,506.6667
2016-12-05,1241.7,1236.7,1236.7,1236.7,0.0
2016-12-06,1235.0,1235.0,1235.0,1235.0,650.0
2016-12-07,1250.6,1250.6,1250.6,1250.6,180.0
2016-12-08,1246.4,1246.4,1246.4,1246.4,320.0
2016-12-09,1236.0,1236.0,1236.0,1236.0,370.0
2016-12-10,1237.4333,1237.4333,1237.4333,1237.4333,356.6667
2016-12-11,1238.8667,1238.8667,1238.8667,1238.8667,343.3333
2016-12-12,1240.3,1240.3,1240.3,1240.3,330.0
2016-12-13,1233.6,1233.6,1233.6,1233.6,640.0
2016-12-14,1238.3,1238.3,1238.3,1238.3,10.0
2016-12-15,1213.1,1213.1,1213.1,1213.1,0.0
2016-12-16,1220.9,1220.9,1220.9,1220.9,150.0
2016-12-17,1222.5667,1222.5667,1222.5667,1222.5667,183.3333
2016-12-18,1224.2333,1224.2333,1224.2333,1224.2333,216.6667
2016-12-19,1225.9,1225.9,1225.9,1225.9,250.0
2016-12-20,1217.0,1217.0,1217.0,1217.0,0.0
2016-12-21,1216.5,1216.5,1216.5,1216.5,50.0
2016-12-22,1213.8,1213.8,1213.8,1213.8,100.0
2016-12-23,1216.8,1216.8,1216.8,1216.8,0.0
2016-12-24,1175.9,1175.9,1175.9,1175.9,0.0
2016-12-25,1135.0,1135.0,1135.0,1135.0,0.0
2016-12-26,1134.55,1135.0,1136.05,1134.0,0.0
2016-12-27,1221.9,1221.9,1221.9,1221.9,0.0
2016-12-28,1224.0,1224.0,1224.0,1224.0,210.0
2016-12-29,1241.2,1241.2,1241.2,1241.2,950.0
2016-12-30,1234.5,1239.0,1239.0,1239.0,0.0
2016-12-31,1206.6833,1209.6667,1210.4167,1209.3333,0.0
2017-01-01,1178.8667,1180.3333,1181.8333,1179.6667,0.0
2017-01-02,1151.05,1151.0,1153.25,1150.0,0.0
2017-01-03,1244.7,1232.4,1234.0,1232.4,0.0
2017-01-04,1247.1,1247.1,1247.1,1247.1,40.0
2017-01-05,1262.1,1262.1,1262.1,1262.1,10.0
2017-01-06,1255.7,1256.0,1256.0,1256.0,10.0
2017-01-07,1259.6667,1258.2667,1258.2667,1258.2667,6.6667
2017-01-08,1263.6333,1260.5333,1260.5333,1260.5333,3.3333
2017-01-09,1267.6,1262.8,1262.8,1262.8,0.0
2017-01-10,1268.5,1268.5,1268.5,1268.5,0.0
2017-01-11,1280.0,1280.0,1280.0,1280.0,20.0
2017-01-12,1283.3,1283.3,1283.3,1283.3,110.0
2017-01-13,1281.3,1281.3,1281.3,1281.3,20.0
2017-01-14,1242.325,1239.3,1243.175,1239.3,10.0
2017-01-15,1203.35,1197.3,1205.05,1197.3,0.0
2017-01-16,1202.85,1203.25,1208.45,1200.0,0.0
2017-01-17,1297.4,1297.4,1297.4,1297.4,80.0
2017-01-18,1295.7,1295.7,1295.7,1295.7,110.0
2017-01-19,1285.5,1284.0,1284.0,1284.0,0.0
2017-01-20,1289.2,1289.2,1289.2,1289.2,40.0
2017-01-21,1292.4333,1292.4333,1292.4333,1292.4333,33.3333
2017-01-22,1295.6667,1295.6667,1295.6667,1295.6667,26.6667
2017-01-23,1298.9,1298.9,1298.9,1298.9,20.0
2017-01-24,1294.1,1299.6,1299.6,1295.4,10.0
2017-01-25,1281.1,1281.1,1281.1,1281.1,400.0
2017-01-26,1272.9,1275.1,1275.1,1275.1,10.0
2017-01-27,1271.7,1271.7,1271.7,1271.7,20.0
2017-01-28,1273.2667,1273.2667,1273.2667,1273.2667,16846.6667
2017-01-29,1274.8333,1274.8333,1274.8333,1274.8333,33673.3333
2017-01-30,1276.4,1276.4,1276.4,1276.4,50500.0
2017-01-31,1291.8,1291.8,1291.8,1291.8,3210.0
2017-02-01,1289.5,1289.0,1291.0,1289.0,0.0
2017-02-02,1300.6,1300.6,1300.6,1300.6,1510.0
2017-02-03,1302.2,1302.2,1302.2,1302.2,870.0
2017-02-04,1305.9,1305.9,1305.9,1305.9,883.3333
2017-02-05,1309.6,1309.6,1309.6,1309.6,896.6667
2017-02-06,1313.3,1313.3,1313.3,1313.3,910.0
2017-02-07,1316.4,1314.1,1314.1,1314.1,0.0
2017-02-08,1318.3,1323.9,1323.9,1323.9,0.0
2017-02-09,1315.4,1315.4,1315.4,1315.4,890.0
2017-02-10,1314.5,1319.0,1319.0,1319.0,0.0
2017-02-11,1311.3,1314.3,1314.3,1314.3,133.3333
2017-02-12,1308.1,1309.6,1309.6,1309.6,266.6667
2017-02-13,1304.9,1304.9,1304.9,1304.9,400.0
2017-02-14,1304.9,1304.9,1304.9,1304.9,160.0
2017-02-15,1314.2,1314.2,1314.2,1314.2,180.0
2017-02-16,1322.7,1322.7,1322.7,1322.7,0.0
2017-02-17,1319.4,1319.4,1319.4,1319.4,300.0
2017-02-18,1278.35,1277.7,1279.325,1277.7,150.0
2017-02-19,1237.3,1236.0,1239.25,1236.0,0.0
2017-02-20,1238.2,1237.25,1240.15,1233.5,0.0
2017-02-21,1319.2,1319.2,1319.2,1319.2,0.0
2017-02-22,1313.3,1313.3,1313.3,1313.3,0.0
2017-02-23,1331.7,1331.7,1331.7,1331.7,30.0
2017-02-24,1338.4,1338.4,1338.4,1338.4,90.0
2017-02-25,1338.6333,1338.6333,1338.6333,1338.6333,240.0
2017-02-26,1338.8667,1338.8667,1338.8667,1338.8667,390.0
2017-02-27,1339.1,1339.1,1339.1,1339.1,540.0
2017-02-28,1334.3,1334.3,1334.3,1334.3,720.0
2017-03-01,1331.1,1331.1,1331.1,1331.1,140.0
2017-03-02,1313.9,1313.9,1313.9,1313.9,80.0
2017-03-03,1308.8,1308.8,1308.8,1308.8,120.0
2017-03-04,1308.3,1308.3,1308.3,1308.3,90.0
2017-03-05,1307.8,1307.8,1307.8,1307.8,60.0
2017-03-06,1307.3,1307.3,1307.3,1307.3,30.0
2017-03-07,1297.7,1307.6,1307.6,1307.5,30.0
2017-03-08,1291.9,1291.9,1291.9,1291.9,20.0
2017-03-09,1285.7,1285.7,1285.7,1285.7,40.0
2017-03-10,1284.0,1284.0,1284.0,1284.0,0.0
2017-03-11,1284.8667,1287.3333,1287.3333,1287.3333,6.6667
2017-03-12,1285.7333,1290.6667,1290.6667,1290.6667,13.3333
2017-03-13,1286.6,1294.0,1294.0,1294.0,20.0
2017-03-14,1286.3,1286.3,1286.3,1286.3,20.0
2017-03-15,1284.3,1284.3,1284.3,1284.3,40.0
2017-03-16,1310.7,1310.7,1310.7,1310.7,50.0
2017-03-17,1313.6,1313.6,1313.6,1313.6,30.0
2017-03-18,1314.8,1314.8,1314.8,1314.8,26.6667
2017-03-19,1316.0,1316.0,1316.0,1316.0,23.3333
2017-03-20,1317.2,1317.2,1317.2,1317.2,20.0
2017-03-21,1329.0,1316.5,1316.5,1316.5,0.0
2017-03-22,1331.5,1331.5,1331.5,1331.5,0.0
2017-03-23,1328.5,1328.5,1328.5,1328.5,20.0
2017-03-24,1330.4,1330.4,1330.4,1330.4,0.0
2017-03-25,1332.7333,1332.7333,1332.7333,1332.7333,23.3333
2017-03-26,1335.0667,1335.0667,1335.0667,1335.0667,46.6667
2017-03-27,1337.4,1337.4,1337.4,1337.4,70.0
2017-03-28,1337.5,1338.7,1338.7,1338.7,0.0
2017-03-29,1335.5,1335.5,1335.5,1335.5,40.0
2017-03-30,1326.7,1344.0,1344.0,1341.3,0.0
2017-03-31,1329.8,1339.0,1339.0,1339.0,0.0
2017-04-01,1330.7667,1336.9,1336.9,1336.9,386.6667
2017-04-02,1331.7333,1334.8,1334.8,1334.8,773.3333
2017-04-03,1332.7,1332.7,1332.7,1332.7,1160.0
2017-04-04,1336.8,1333.1,1333.1,1333.1,0.0
2017-04-05,1327.5,1327.5,1327.5,1327.5,910.0
2017-04-06,1332.4,1332.4,1332.4,1332.4,0.0
2017-04-07,1336.8,1336.8,1336.8,1336.8,0.0
2017-04-08,1335.6333,1335.6333,1335.6333,1335.6333,60.0
2017-04-09,1334.4667,1334.4667,1334.4667,1334.4667,120.0
2017-04-10,1333.3,1333.3,1333.3,1333.3,180.0
2017-04-11,1353.4,1353.4,1353.4,1353.4,400.0
2017-04-12,1357.3,1357.3,1357.3,1357.3,0.0
2017-04-13,1366.7,1366.7,1366.7,1366.7,920.0
2017-04-14,1289.65,1289.65,1289.65,1289.65,0.0
2017-04-15,1316.3667,1316.3667,1316.3667,1316.3667,23.3333
2017-04-16,1343.0833,1343.0833,1343.0833,1343.0833,46.6667
2017-04-17,1369.8,1369.8,1369.8,1369.8,70.0
2017-04-18,1370.9,1370.9,1370.9,1370.9,0.0
2017-04-19,1360.5,1360.5,1360.5,1360.5,190.0
2017-04-20,1361.7,1361.7,1361.7,1361.7,130.0
2017-04-21,1367.0,1359.8,1378.0,1359.8,0.0
2017-04-22,1363.2667,1358.4667,1370.6,1358.4667,203.3333
2017-04-23,1359.5333,1357.1333,1363.2,1357.1333,406.6667
2017-04-24,1355.8,1355.8,1355.8,1355.8,610.0
2017-04-25,1346.0,1346.0,1346.0,1346.0,360.0
2017-04-26,1343.0,1343.0,1343.0,1343.0,100.0
2017-04-27,1344.7,1344.7,1344.7,1344.7,210.0
2017-04-28,1347.1,1347.1,1347.1,1347.1,90.0
2017-04-29,1342.9333,1342.9333,1342.9333,1342.9333,70.0
2017-04-30,1338.7667,1338.7667,1338.7667,1338.7667,50.0
2017-05-01,1334.6,1334.6,1334.6,1334.6,30.0
2017-05-02,1336.1,1336.1,1336.1,1336.1,90.0
2017-05-03,1327.6,1326.9,1326.9,1326.9,0.0
2017-05-04,1307.4,1312.1,1312.1,1312.1,0.0
2017-05-05,1305.8,1305.8,1305.8,1305.8,20.0
2017-05-06,1305.9,1305.9,1305.9,1305.9,26.6667
2017-05-07,1306.0,1306.0,1306.0,1306.0,33.3333
2017-05-08,1306.1,1306.1,1306.1,1306.1,40.0
2017-05-09,1295.1,1306.1,1306.1,1303.2,10.0
2017-05-10,1297.6,1305.0,1305.2,1305.0,10.0
2017-05-11,1302.9,1302.9,1302.9,1302.9,10.0
2017-05-12,1305.7,1305.7,1305.7,1305.7,30.0
2017-05-13,1306.4667,1306.3,1306.4667,1306.3,20.0
2017-05-14,1307.2333,1306.9,1307.2333,1306.9,10.0
2017-05-15,1308.0,1307.5,1308.0,1307.5,0.0
2017-05-16,1314.4,1312.7,1312.7,1312.7,0.0
2017-05-17,1336.2,1336.2,1336.2,1336.2,30.0
2017-05-18,1329.2,1339.8,1340.0,1339.8,40.0
2017-05-19,1329.9,1329.9,1329.9,1329.9,10.0
2017-05-20,1332.6,1332.6,1332.6,1332.6,10.0
2017-05-21,1335.3,1335.3,1335.3,1335.3,10.0
2017-05-22,1338.0,1338.0,1338.0,1338.0,10.0
2017-05-23,1332.1,1332.1,1332.1,1332.1,20.0
2017-05-24,1329.7,1329.7,1329.7,1329.7,10.0
2017-05-25,1333.3,1333.3,1333.3,1333.3,10.0
2017-05-26,1344.8,1344.8,1344.8,1344.8,0.0
2017-05-27,1306.51,1305.555,1306.91,1305.555,0.0
2017-05-28,1268.22,1266.31,1269.02,1266.31,0.0
2017-05-29,1266.69,1268.02,1268.6,1264.96,0.0
2017-05-30,1339.1,1339.1,1339.1,1339.1,129820.0
2017-05-31,1348.5,1348.5,1348.5,1348.5,2710.0
2017-06-01,1343.2,1343.2,1343.2,1343.2,830.0
2017-06-02,1353.1,1353.1,1353.1,1353.1,1730.0
2017-06-03,1353.9333,1353.9333,1353.9333,1353.9333,1296.6667
2017-06-04,1354.7667,1354.7667,1354.7667,1354.7667,863.3333
2017-06-05,1355.6,1355.6,1355.6,1355.6,430.0
2017-06-06,1370.0,1370.0,1370.0,1370.0,940.0
2017-06-07,1365.6,1365.6,1365.6,1365.6,640.0
2017-06-08,1351.9,1351.9,1351.9,1351.9,320.0
2017-06-09,1343.9,1343.9,1343.9,1343.9,0.0
2017-06-10,1343.1,1343.1,1343.1,1343.1,86.6667
2017-06-11,1342.3,1342.3,1342.3,1342.3,173.3333
2017-06-12,1341.5,1341.5,1341.5,1341.5,260.0
2017-06-13,1341.2,1342.8,1342.8,1342.8,0.0
2017-06-14,1348.2,1348.2,1348.2,1348.2,340.0
2017-06-15,1326.8,1326.8,1326.8,1326.8,740.0
2017-06-16,1328.5,1328.5,1328.5,1328.5,30.0
2017-06-17,1325.2667,1325.2667,1325.2667,1325.2667,56.6667
2017-06-18,1322.0333,1322.0333,1322.0333,1322.0333,83.3333
2017-06-19,1318.8,1318.8,1318.8,1318.8,110.0
2017-06-20,1315.2,1315.2,1315.2,1315.2,80.0
2017-06-21,1317.1,1317.1,1317.1,1317.1,10.0
2017-06-22,1320.4,1320.4,1320.4,1320.4,160.0
2017-06-23,1327.7,1327.7,1327.7,1327.7,0.0
2017-06-24,1324.3667,1324.3667,1324.3667,1324.3667,63.3333
2017-06-25,1321.0333,1321.0333,1321.0333,1321.0333,126.6667
2017-06-26,1317.7,1317.7,1317.7,1317.7,190.0
2017-06-27,1318.4,1318.4,1318.4,1318.4,110.0
2017-06-28,1320.8,1320.8,1320.8,1320.8,10.0
2017-06-29,1317.7,1322.8,1322.8,1313.7,0.0
2017-06-30,1314.0,1314.0,1314.0,1314.0,40.0
2017-07-01,1306.3,1305.9667,1305.9667,1305.6667,33.3333
2017-07-02,1298.6,1297.9333,1297.9333,1297.3333,26.6667
2017-07-03,1290.9,1289.9,1289.9,1289.0,20.0
2017-07-04,1227.55,1224.3,1228.03,1221.49,0.0
2017-07-05,1293.9,1293.9,1293.9,1293.9,0.0
2017-07-06,1296.7,1296.7,1296.7,1296.7,0.0
2017-07-07,1282.4,1282.3,1282.3,1282.3,0.0
2017-07-08,1283.6,1283.5333,1283.5333,1283.5333,10.0
2017-07-09,1284.8,1284.7667,1284.7667,1284.7667,20.0
2017-07-10,1286.0,1286.0,1286.0,1286.0,30.0
2017-07-11,1287.7,1287.7,1287.7,1287.7,10.0
2017-07-12,1291.2,1291.2,1291.2,1291.2,10.0
2017-07-13,1288.5,1288.5,1288.5,1288.5,10.0
2017-07-14,1298.8,1289.0,1289.0,1289.0,0.0
2017-07-15,1301.0,1294.4667,1294.4667,1294.4667,3.3333
2017-07-16,1303.2,1299.9333,1299.9333,1299.9333,6.6667
2017-07-17,1305.4,1305.4,1305.4,1305.4,10.0
2017-07-18,1313.5,1313.5,1313.5,1313.5,30.0
2017-07-19,1313.7,1313.7,1313.7,1313.7,0.0
2017-07-20,1317.1,1317.1,1317.1,1317.1,10.0
2017-07-21,1325.9,1325.9,1325.9,1325.9,20.0
2017-07-22,1325.7333,1325.1333,1325.1333,1325.1333,13.3333
2017-07-23,1325.5667,1324.3667,1324.3667,1324.3667,6.6667
2017-07-24,1325.4,1323.6,1323.6,1323.6,0.0
2017-07-25,1323.2,1323.2,1323.2,1323.2,20.0
2017-07-26,1322.4,1322.4,1322.4,1322.4,0.0
2017-07-27,1333.7,1333.7,1333.7,1333.7,50.0
2017-07-28,1342.6,1342.6,1342.6,1342.6,64180.0
2017-07-29,1341.9667,1341.9667,1341.9667,1341.9667,45380.0
2017-07-30,1341.3333,1341.3333,1341.3333,1341.3333,26580.0
2017-07-31,1340.7,1340.7,1340.7,1340.7,7780.0
2017-08-01,1346.3,1346.3,1346.3,1346.3,1060.0
2017-08-02,1345.5,1345.5,1345.5,1345.5,390.0
2017-08-03,1341.6,1341.6,1341.6,1341.6,0.0
2017-08-04,1331.7,1331.7,1331.7,1331.7,520.0
2017-08-05,1331.8,1329.9333,1329.9333,1329.9333,346.6667
2017-08-06,1331.9,1328.1667,1328.1667,1328.1667,173.3333
2017-08-07,1332.0,1326.4,1326.4,1326.4,0.0
2017-08-08,1330.4,1330.4,1330.4,1330.4,560.0
2017-08-09,1347.0,1347.0,1347.0,1347.0,570.0
2017-08-10,1357.8,1357.8,1357.8,1357.8,610.0
2017-08-11,1361.4,1361.4,1361.4,1361.4,140.0
2017-08-12,1360.3,1360.3,1360.3,1360.3,206.6667
2017-08-13,1359.2,1359.2,1359.2,1359.2,273.3333
2017-08-14,1358.1,1358.1,1358.1,1358.1,340.0
2017-08-15,1347.5,1347.5,1347.5,1347.5,190.0
2017-08-16,1350.8,1350.8,1350.8,1350.8,110.0
2017-08-17,1359.9,1359.9,1359.9,1359.9,40.0
2017-08-18,1358.8,1362.7,1372.5,1362.7,0.0
2017-08-19,1360.5667,1363.1667,1369.7,1363.1667,6.6667
2017-08-20,1362.3333,1363.6333,1366.9,1363.6333,13.3333
2017-08-21,1364.1,1364.1,1364.1,1364.1,20.0
2017-08-22,1358.6,1358.6,1358.6,1358.6,100.0
2017-08-23,1361.7,1361.7,1361.7,1361.7,250.0
2017-08-24,1358.9,1358.9,1358.9,1358.9,550.0
2017-08-25,1364.8,1364.8,1364.8,1364.8,280.0
2017-08-26,1370.7333,1370.5,1370.5,1370.5,186.6667
2017-08-27,1376.6667,1376.2,1376.2,1376.2,93.3333
2017-08-28,1382.6,1381.9,1381.9,1381.9,0.0
2017-08-29,1385.7,1385.7,1385.7,1385.7,300.0
2017-08-30,1380.9,1380.9,1380.9,1380.9,370.0
2017-08-31,1388.5,1389.5,1393.7,1389.5,0.0
2017-09-01,1397.1,1397.1,1397.1,1397.1,40.0
2017-09-02,1369.16,1368.82,1369.585,1368.03,20.0
2017-09-03,1341.22,1340.54,1342.07,1338.96,0.0
2017-09-04,1338.08,1341.21,1344.59,1337.01,0.0
2017-09-05,1411.2,1411.2,1411.2,1411.2,10.0
2017-09-06,1405.9,1405.9,1405.9,1405.9,80.0
2017-09-07,1418.0,1418.0,1418.0,1418.0,30.0
2017-09-08,1419.3,1419.3,1419.3,1419.3,40.0
2017-09-09,1414.2333,1414.2333,1414.2333,1414.2333,26.6667
2017-09-10,1409.1667,1409.1667,1409.1667,1409.1667,13.3333
2017-09-11,1404.1,1404.1,1404.1,1404.1,0.0
2017-09-12,1401.8,1406.6,1406.6,1406.6,30.0
2017-09-13,1396.7,1396.7,1396.7,1396.7,80.0
2017-09-14,1399.2,1399.2,1399.2,1399.2,320.0
2017-09-15,1395.1,1395.1,1395.1,1395.1,20.0
2017-09-16,1390.1667,1390.1667,1390.1667,1390.1667,13.3333
2017-09-17,1385.2333,1385.2333,1385.2333,1385.2333,6.6667
2017-09-18,1380.3,1380.3,1380.3,1380.3,0.0
2017-09-19,1382.6,1382.6,1382.6,1382.6,50.0
2017-09-20,1388.3,1388.3,1388.3,1388.3,10.0
2017-09-21,1366.7,1367.3,1367.3,1367.3,0.0
2017-09-22,1369.4,1369.4,1369.4,1369.4,210.0
2017-09-23,1374.1,1373.6,1373.6,1373.6,140.0
2017-09-24,1378.8,1377.8,1377.8,1377.8,70.0
2017-09-25,1383.5,1382.0,1382.0,1382.0,0.0
2017-09-26,1374.1,1374.1,1374.1,1374.1,40.0
2017-09-27,1360.7,1360.7,1360.7,1360.7,20.0
2017-09-28,1361.3,1361.3,1361.3,1361.3,50.0
2017-09-29,1357.6,1357.6,1357.6,1357.6,490.0
2017-09-30,1355.1,1355.1,1355.1,1355.1,373.3333
2017-10-01,1352.6,1352.6,1352.6,1352.6,256.6667
2017-10-02,1350.1,1350.1,1350.1,1350.1,140.0
2017-10-03,1348.8,1353.3,1353.3,1353.3,0.0
2017-10-04,1351.0,1351.0,1351.0,1351.0,220.0
2017-10-05,1348.3,1348.3,1348.3,1348.3,40.0
2017-10-06,1350.0,1350.0,1350.0,1350.0,50.0
2017-10-07,1353.4667,1354.0,1354.0,1354.0,33.3333
2017-10-08,1356.9333,1358.0,1358.0,1358.0,16.6667
2017-10-09,1360.4,1362.0,1362.0,1362.0,0.0
2017-10-10,1369.4,1374.7,1374.7,1374.7,0.0
2017-10-11,1364.5,1364.5,1364.5,1364.5,20.0
2017-10-12,1372.3,1372.3,1372.3,1372.3,10.0
2017-10-13,1380.4,1372.0,1372.0,1372.0,0.0
2017-10-14,1380.1667,1375.3333,1375.3333,1375.3333,3.3333
2017-10-15,1379.9333,1378.6667,1378.6667,1378.6667,6.6667
2017-10-16,1379.7,1382.0,1382.0,1382.0,10.0
2017-10-17,1362.5,1362.5,1362.5,1362.5,570.0
2017-10-18,1359.3,1359.3,1359.3,1359.3,160.0
2017-10-19,1365.9,1365.9,1365.9,1365.9,130.0
2017-10-20,1356.2,1356.2,1356.2,1356.2,300.0
2017-10-21,1356.4333,1356.4333,1356.4333,1356.4333,240.0
2017-10-22,1356.6667,1356.6667,1356.6667,1356.6667,180.0
2017-10-23,1356.9,1356.9,1356.9,1356.9,120.0
2017-10-24,1354.2,1354.2,1354.2,1354.2,110.0
2017-10-25,1355.5,1355.5,1355.5,1355.5,110.0
2017-10-26,1346.5,1346.5,1346.5,1346.5,40.0
2017-10-27,1349.1,1351.7,1351.7,1351.7,0.0
2017-10-28,1351.0333,1352.7667,1352.7667,1352.7667,73.3333
2017-10-29,1352.9667,1353.8333,1353.8333,1353.8333,146.6667
2017-10-30,1354.9,1354.9,1354.9,1354.9,220.0
2017-10-31,1347.7,1347.7,1347.7,1347.7,240.0
2017-11-01,1354.6,1354.6,1354.6,1354.6,80.0
2017-11-02,1355.4,1355.4,1355.4,1355.4,70.0
2017-11-03,1346.9,1346.9,1346.9,1346.9,80.0
2017-11-04,1351.1667,1351.1667,1351.1667,1351.1667,96.6667
2017-11-05,1355.4333,1355.4333,1355.4333,1355.4333,113.3333
2017-11-06,1359.7,1359.7,1359.7,1359.7,130.0
2017-11-07,1353.9,1353.9,1353.9,1353.9,10.0
2017-11-08,1362.3,1362.3,1362.3,1362.3,20.0
2017-11-09,1366.8,1366.8,1366.8,1366.8,20.0
2017-11-10,1354.5,1354.5,1354.5,1354.5,100.0
2017-11-11,1356.4667,1356.4667,1356.4667,1356.4667,73.3333
2017-11-12,1358.4333,1358.4333,1358.4333,1358.4333,46.6667
2017-11-13,1360.4,1360.4,1360.4,1360.4,20.0
2017-11-14,1364.2,1364.2,1364.2,1364.2,0.0
2017-11-15,1358.7,1358.7,1358.7,1358.7,10.0
2017-11-16,1359.4,1359.4,1359.4,1359.4,40.0
2017-11-17,1378.0,1378.0,1378.0,1378.0,0.0
2017-11-18,1371.2,1371.2,1371.2,1371.2,0.0
2017-11-19,1364.4,1364.4,1364.4,1364.4,0.0
2017-11-20,1357.6,1357.6,1357.6,1357.6,0.0
2017-11-21,1364.8,1364.8,1364.8,1364.8,20.0
2017-11-22,1376.4,1376.4,1376.4,1376.4,30.0
2017-11-23,1291.66,1291.19,1293.87,1287.65,0.0
2017-11-24,1371.6,1371.6,1371.6,1371.6,10.0
2017-11-25,1373.9667,1373.9667,1373.9667,1373.9667,6.6667
2017-11-26,1376.3333,1376.3333,1376.3333,1376.3333,3.3333
2017-11-27,1378.7,1378.7,1378.7,1378.7,0.0
2017-11-28,1379.0,1379.0,1379.0,1379.0,4060.0
2017-11-29,1366.4,1382.0,1382.0,1382.0,10.0
2017-11-30,1357.3,1357.3,1357.3,1357.3,3050.0
2017-12-01,1362.8,1362.8,1362.8,1362.8,820.0
2017-12-02,1361.2,1361.2,1361.2,1361.2,830.0
2017-12-03,1359.6,1359.6,1359.6,1359.6,840.0
2017-12-04,1358.0,1358.0,1358.0,1358.0,850.0
2017-12-05,1345.1,1345.1,1345.1,1345.1,1500.0
2017-12-06,1346.2,1346.2,1346.2,1346.2,370.0
2017-12-07,1333.0,1327.6,1327.6,1327.6,10.0
2017-12-08,1328.1,1330.5,1330.5,1330.5,0.0
2017-12-09,1327.6667,1329.2667,1329.2667,1329.2667,50.0
2017-12-10,1327.2333,1328.0333,1328.0333,1328.0333,100.0
2017-12-11,1326.8,1326.8,1326.8,1326.8,150.0
2017-12-12,1321.9,1321.9,1321.9,1321.9,60.0
2017-12-13,1328.7,1328.7,1328.7,1328.7,350.0
2017-12-14,1337.2,1342.0,1342.0,1334.0,0.0
2017-12-15,1337.4,1337.4,1337.4,1337.4,580.0
2017-12-16,1340.1333,1340.1333,1340.1333,1340.1333,403.3333
2017-12-17,1342.8667,1342.8667,1342.8667,1342.8667,226.6667
2017-12-18,1345.6,1345.6,1345.6,1345.6,50.0
2017-12-19,1344.8,1344.8,1344.8,1344.8,330.0
2017-12-20,1350.4,1350.4,1350.4,1350.4,60.0
2017-12-21,1351.3,1351.3,1351.3,1351.3,230.0
2017-12-22,1359.8,1353.7,1354.3,1353.7,0.0
2017-12-23,1332.5,1328.7667,1329.3667,1328.4333,0.0
2017-12-24,1305.2,1303.8333,1304.4333,1303.1667,0.0
2017-12-25,1277.9,1278.9,1279.5,1277.9,0.0
2017-12-26,1368.5,1368.5,1368.5,1368.5,80.0
2017-12-27,1372.3,1372.3,1372.3,1372.3,70.0
2017-12-28,1379.4,1372.1,1372.1,1372.0,10.0
2017-12-29,1391.9,1391.9,1391.9,1391.9,70.0
2017-12-30,1364.1667,1363.2,1364.5,1362.8,46.6667
2017-12-31,1336.4333,1334.5,1337.1,1333.7,23.3333
2018-01-01,1308.7,1305.8,1309.7,1304.6,0.0
2018-01-02,1400.1,1400.1,1400.1,1400.1,0.0
2018-01-03,1404.0,1399.0,1399.0,1399.0,0.0
2018-01-04,1407.3,1407.3,1407.3,1407.3,0.0
2018-01-05,1408.3,1408.3,1408.3,1408.3,0.0
2018-01-06,1408.0,1408.0,1408.0,1408.0,13.3333
2018-01-07,1407.7,1407.7,1407.7,1407.7,26.6667
2018-01-08,1407.4,1407.4,1407.4,1407.4,40.0
2018-01-09,1401.3,1398.0,1398.0,1398.0,0.0
2018-01-10,1408.3,1408.3,1408.3,1408.3,0.0
2018-01-11,1411.4,1411.4,1411.4,1411.4,10.0
2018-01-12,1425.7,1425.7,1425.7,1425.7,10.0
2018-01-13,1381.55,1381.7,1382.15,1381.05,5.0
2018-01-14,1337.4,1337.7,1338.6,1336.4,0.0
2018-01-15,1341.8,1337.3,1344.9,1337.0,0.0
2018-01-16,1428.1,1428.1,1428.1,1428.1,10.0
2018-01-17,1431.0,1431.0,1431.0,1431.0,30.0
2018-01-18,1419.0,1419.0,1419.0,1419.0,210.0
2018-01-19,1425.9,1425.9,1425.9,1425.9,50.0
2018-01-20,1427.1333,1427.1333,1427.1333,1427.1333,86.6667
2018-01-21,1428.3667,1428.3667,1428.3667,1428.3667,123.3333
2018-01-22,1429.6,1429.6,1429.6,1429.6,160.0
2018-01-23,1434.2,1434.2,1434.2,1434.2,50.0
2018-01-24,1456.3,1456.3,1456.3,1456.3,20.0
2018-01-25,1463.1,1463.1,1463.1,1463.1,0.0
2018-01-26,1453.7,1453.7,1453.7,1453.7,50.0
2018-01-27,1449.5667,1449.5667,1449.5667,1449.5667,33.3333
2018-01-28,1445.4333,1445.4333,1445.4333,1445.4333,16.6667
2018-01-29,1441.3,1441.3,1441.3,1441.3,0.0
2018-01-30,1436.2,1436.2,1436.2,1436.2,52100.0
2018-01-31,1439.4,1439.4,1439.4,1439.4,4880.0
2018-02-01,1445.1,1445.1,1445.1,1445.1,1680.0
2018-02-02,1434.6,1434.6,1434.6,1434.6,2840.0
2018-02-03,1434.0333,1434.0333,1434.0333,1434.0333,2106.6667
2018-02-04,1433.4667,1433.4667,1433.4667,1433.4667,1373.3333
2018-02-05,1432.9,1432.9,1432.9,1432.9,640.0
2018-02-06,1425.4,1425.4,1425.4,1425.4,530.0
2018-02-07,1410.7,1410.7,1410.7,1410.7,490.0
2018-02-08,1414.8,1414.8,1414.8,1414.8,460.0
2018-02-09,1410.1,1410.1,1410.1,1410.1,0.0
2018-02-10,1413.7,1413.7,1413.7,1413.7,46.6667
2018-02-11,1417.3,1417.3,1417.3,1417.3,93.3333
2018-02-12,1420.9,1420.9,1420.9,1420.9,140.0
2018-02-13,1424.8,1424.8,1424.8,1424.8,70.0
2018-02-14,1452.9,1452.9,1452.9,1452.9,400.0
2018-02-15,1451.5,1451.5,1451.5,1451.5,110.0
2018-02-16,1452.8,1452.8,1452.8,1452.8,110.0
2018-02-17,1401.65,1401.25,1402.6,1401.25,55.0
2018-02-18,1350.5,1349.7,1352.4,1349.7,0.0
2018-02-19,1347.8,1350.4,1353.9,1347.4,0.0
2018-02-20,1428.4,1428.4,1428.4,1428.4,280.0
2018-02-21,1430.6,1430.6,1430.6,1430.6,120.0
2018-02-22,1431.4,1431.4,1431.4,1431.4,70.0
2018-02-23,1429.0,1429.0,1429.0,1429.0,430.0
2018-02-24,1430.3667,1430.3667,1430.3667,1430.3667,300.0
2018-02-25,1431.7333,1431.7333,1431.7333,1431.7333,170.0
2018-02-26,1433.1,1433.1,1433.1,1433.1,40.0
2018-02-27,1419.6,1419.6,1419.6,1419.6,50.0
2018-02-28,1419.2,1419.2,1419.2,1419.2,60.0
2018-03-01,1406.0,1406.0,1406.0,1406.0,40.0
2018-03-02,1424.2,1424.2,1424.2,1424.2,160.0
2018-03-03,1422.9667,1422.9667,1422.9667,1422.9667,113.3333
2018-03-04,1421.7333,1421.7333,1421.7333,1421.7333,66.6667
2018-03-05,1420.5,1420.5,1420.5,1420.5,20.0
2018-03-06,1435.9,1435.9,1435.9,1435.9,20.0
2018-03-07,1427.9,1427.9,1427.9,1427.9,30.0
2018-03-08,1423.7,1423.7,1423.7,1423.7,60.0
2018-03-09,1428.0,1428.0,1428.0,1428.0,90.0
2018-03-10,1426.9333,1426.9333,1426.9333,1426.9333,60.0
2018-03-11,1425.8667,1425.8667,1425.8667,1425.8667,30.0
2018-03-12,1424.8,1424.8,1424.8,1424.8,0.0
2018-03-13,1431.4,1433.4,1433.4,1433.4,0.0
2018-03-14,1429.7,1429.7,1429.7,1429.7,30.0
2018-03-15,1421.7,1421.7,1421.7,1421.7,100.0
2018-03-16,1416.3,1416.3,1416.3,1416.3,30.0
2018-03-17,1418.1,1418.1,1418.1,1418.1,23.3333
2018-03-18,1419.9,1419.9,1419.9,1419.9,16.6667
2018-03-19,1421.7,1421.7,1421.7,1421.7,10.0
2018-03-20,1416.2,1416.2,1416.2,1416.2,0.0
2018-03-21,1426.6,1426.6,1426.6,1426.6,10.0
2018-03-22,1432.2,1432.2,1432.2,1432.2,0.0
2018-03-23,1455.0,1455.0,1455.0,1455.0,10.0
2018-03-24,1457.0,1457.0,1457.0,1457.0,10.0
2018-03-25,1459.0,1459.0,1459.0,1459.0,10.0
2018-03-26,1461.0,1461.0,1461.0,1461.0,10.0
2018-03-27,1447.8,1447.8,1447.8,1447.8,10.0
2018-03-28,1428.9,1428.9,1428.9,1428.9,59280.0
2018-03-29,1426.0,1426.0,1426.0,1426.0,5590.0
2018-03-30,1430.95,1430.95,1430.95,1430.95,4355.0
2018-03-31,1435.9,1435.9,1435.9,1435.9,3120.0
2018-04-01,1440.85,1440.85,1440.85,1440.85,1885.0
2018-04-02,1445.8,1445.8,1445.8,1445.8,650.0
2018-04-03,1436.5,1436.5,1436.5,1436.5,700.0
2018-04-04,1439.7,1439.7,1439.7,1439.7,720.0
2018-04-05,1428.1,1428.1,1428.1,1428.1,260.0
2018-04-06,1435.9,1435.9,1435.9,1435.9,350.0
2018-04-07,1437.1333,1437.1333,1437.1333,1437.1333,330.0
2018-04-08,1438.3667,1438.3667,1438.3667,1438.3667,310.0
2018-04-09,1439.6,1439.6,1439.6,1439.6,290.0
2018-04-10,1445.5,1445.5,1445.5,1445.5,110.0
2018-04-11,1460.0,1460.0,1460.0,1460.0,0.0
2018-04-12,1441.4,1441.4,1441.4,1441.4,30.0
2018-04-13,1447.9,1447.9,1447.9,1447.9,70.0
2018-04-14,1448.8,1448.8,1448.8,1448.8,66.6667
2018-04-15,1449.7,1449.7,1449.7,1449.7,63.3333
2018-04-16,1450.6,1450.6,1450.6,1450.6,60.0
2018-04-17,1449.3,1449.3,1449.3,1449.3,410.0
2018-04-18,1453.5,1460.1,1460.1,1460.1,0.0
2018-04-19,1448.8,1453.0,1453.0,1453.0,0.0
2018-04-20,1438.2,1442.0,1442.0,1442.0,0.0
2018-04-21,1433.4667,1436.0,1436.0,1436.0,3.3333
2018-04-22,1428.7333,1430.0,1430.0,1430.0,6.6667
2018-04-23,1424.0,1424.0,1424.0,1424.0,10.0
2018-04-24,1433.1,1433.1,1433.1,1433.1,30.0
2018-04-25,1422.9,1422.9,1422.9,1422.9,280.0
2018-04-26,1418.0,1418.0,1418.0,1418.0,10.0
2018-04-27,1423.6,1423.6,1423.6,1423.6,620.0
2018-04-28,1422.1,1422.1,1422.1,1422.1,430.0
2018-04-29,1420.6,1420.6,1420.6,1420.6,240.0
2018-04-30,1419.1,1419.1,1419.1,1419.1,50.0
2018-05-01,1406.4,1406.4,1406.4,1406.4,30.0
2018-05-02,1405.3,1405.3,1405.3,1405.3,20.0
2018-05-03,1412.4,1412.4,1412.4,1412.4,0.0
2018-05-04,1414.7,1414.7,1414.7,1414.7,40.0
2018-05-05,1414.5333,1414.5333,1414.5333,1414.5333,26.6667
2018-05-06,1414.3667,1414.3667,1414.3667,1414.3667,13.3333
2018-05-07,1414.2,1414.2,1414.2,1414.2,0.0
2018-05-08,1413.8,1413.8,1413.8,1413.8,340.0
2018-05-09,1413.0,1413.5,1413.5,1413.3,30.0
2018-05-10,1422.1,1422.1,1422.1,1422.1,10.0
2018-05-11,1420.4,1420.4,1420.4,1420.4,0.0
2018-05-12,1419.5667,1419.5667,1419.5667,1419.5667,0.0
2018-05-13,1418.7333,1418.7333,1418.7333,1418.7333,0.0
2018-05-14,1417.9,1417.9,1417.9,1417.9,0.0
2018-05-15,1389.8,1405.3,1405.3,1405.3,0.0
2018-05-16,1392.1,1392.1,1392.1,1392.1,30.0
2018-05-17,1390.0,1390.0,1390.0,1390.0,0.0
2018-05-18,1391.3,1391.3,1391.3,1391.3,0.0
2018-05-19,1391.2333,1391.2333,1391.2333,1391.2333,16.6667
2018-05-20,1391.1667,1391.1667,1391.1667,1391.1667,33.3333
2018-05-21,1391.1,1391.1,1391.1,1391.1,50.0
2018-05-22,1392.1,1392.1,1392.1,1392.1,50.0
2018-05-23,1389.2,1389.2,1389.2,1389.2,10.0
2018-05-24,1404.2,1404.2,1404.2,1404.2,20.0
2018-05-25,1403.2,1403.2,1403.2,1403.2,0.0
2018-05-26,1350.75,1351.5,1351.55,1349.65,0.0
2018-05-27,1298.3,1299.8,1299.9,1296.1,0.0
2018-05-28,1297.6,1298.4,1299.7,1294.7,0.0
2018-05-29,1393.7,1393.7,1393.7,1393.7,80.0
2018-05-30,1396.7,1396.7,1396.7,1396.7,50850.0
2018-05-31,1395.0,1395.0,1395.0,1395.0,4080.0
2018-06-01,1390.1,1392.4,1392.4,1392.4,0.0
2018-06-02,1389.9,1391.4667,1391.7667,1391.4667,0.0
2018-06-03,1389.7,1390.5333,1391.1333,1390.5333,0.0
2018-06-04,1389.5,1389.6,1390.5,1389.6,0.0
2018-06-05,1394.5,1394.5,1394.5,1394.5,360.0
2018-06-06,1393.9,1393.9,1393.9,1393.9,30.0
2018-06-07,1394.8,1394.8,1394.8,1394.8,80.0
2018-06-08,1394.8,1394.8,1394.8,1394.8,650.0
2018-06-09,1395.1667,1395.1667,1395.1667,1395.1667,456.6667
2018-06-10,1395.5333,1395.5333,1395.5333,1395.5333,263.3333
2018-06-11,1395.9,1395.9,1395.9,1395.9,70.0
2018-06-12,1392.2,1392.2,1392.2,1392.2,150.0
2018-06-13,1393.9,1393.9,1393.9,1393.9,140.0
2018-06-14,1401.0,1401.0,1401.0,1401.0,50.0
2018-06-15,1369.7,1369.7,1369.7,1369.7,590.0
2018-06-16,1370.3,1370.3,1370.3,1370.3,406.6667
2018-06-17,1370.9,1370.9,1370.9,1370.9,223.3333
2018-06-18,1371.5,1371.5,1371.5,1371.5,40.0
2018-06-19,1369.6,1369.6,1369.6,1369.6,30.0
2018-06-20,1365.7,1376.8,1376.8,1376.8,0.0
2018-06-21,1361.4,1360.0,1360.0,1360.0,0.0
2018-06-22,1361.7,1365.0,1365.0,1365.0,0.0
2018-06-23,1361.0,1361.2333,1361.2333,1361.2333,0.0
2018-06-24,1360.3,1357.4667,1357.4667,1357.4667,0.0
2018-06-25,1359.6,1353.7,1353.7,1353.7,0.0
2018-06-26,1350.0,1350.0,1350.0,1350.0,90.0
2018-06-27,1345.5,1345.5,1345.5,1345.5,10.0
2018-06-28,1340.0,1340.0,1340.0,1340.0,380.0
2018-06-29,1343.7,1343.7,1343.7,1343.7,50.0
2018-06-30,1339.0333,1339.0333,1339.0333,1339.0333,43.3333
2018-07-01,1334.3667,1334.3667,1334.3667,1334.3667,36.6667
2018-07-02,1329.7,1329.7,1329.7,1329.7,30.0
2018-07-03,1342.2,1342.2,1342.2,1342.2,40.0
2018-07-04,1258.1,1256.2,1262.4,1255.3,0.0
2018-07-05,1347.4,1347.4,1347.4,1347.4,10.0
2018-07-06,1344.6,1344.6,1344.6,1344.6,10.0
2018-07-07,1346.0,1346.0,1346.0,1346.0,20.0
2018-07-08,1347.4,1347.4,1347.4,1347.4,30.0
2018-07-09,1348.8,1348.8,1348.8,1348.8,40.0
2018-07-10,1344.9,1344.9,1344.9,1344.9,70.0
2018-07-11,1333.1,1333.1,1333.1,1333.1,30.0
2018-07-12,1335.2,1335.2,1335.2,1335.2,10.0
2018-07-13,1329.0,1327.0,1327.0,1327.0,0.0
2018-07-14,1328.5,1327.1667,1327.1667,1327.1667,0.0
2018-07-15,1328.0,1327.3333,1327.3333,1327.3333,0.0
2018-07-16,1327.5,1327.5,1327.5,1327.5,0.0
2018-07-17,1314.6,1320.0,1320.0,1320.0,30.0
2018-07-18,1315.0,1315.0,1315.0,1315.0,0.0
2018-07-19,1310.4,1302.0,1302.0,1302.0,80.0
2018-07-20,1316.8,1316.8,1316.8,1316.8,150.0
2018-07-21,1314.7667,1313.7333,1313.7333,1313.7333,100.0
2018-07-22,1312.7333,1310.6667,1310.6667,1310.6667,50.0
2018-07-23,1310.7,1307.6,1307.6,1307.6,0.0
2018-07-24,1310.8,1310.8,1310.8,1310.8,40.0
2018-07-25,1316.7,1316.7,1316.7,1316.7,60.0
2018-07-26,1311.5,1311.5,1311.5,1311.5,0.0
2018-07-27,1309.0,1309.0,1309.0,1309.0,0.0
2018-07-28,1308.5667,1308.3,1309.0333,1306.6333,3.3333
2018-07-29,1308.1333,1307.6,1309.0667,1304.2667,6.6667
2018-07-30,1307.7,1306.9,1309.1,1301.9,10.0
2018-07-31,1309.8,1309.8,1309.8,1309.8,2720.0
2018-08-01,1304.0,1304.0,1304.0,1304.0,1030.0
2018-08-02,1296.2,1308.0,1308.0,1308.0,0.0
2018-08-03,1299.4,1288.8,1298.4,1288.8,10.0
2018-08-04,1297.4667,1293.4667,1300.6,1292.0667,10.0
2018-08-05,1295.5333,1298.1333,1302.8,1295.3333,10.0
2018-08-06,1293.6,1302.8,1305.0,1298.6,10.0
2018-08-07,1294.2,1294.2,1294.2,1294.2,720.0
2018-08-08,1296.8,1296.8,1296.8,1296.8,210.0
2018-08-09,1295.8,1295.8,1295.8,1295.8,40.0
2018-08-10,1294.6,1294.6,1294.6,1294.6,80.0
2018-08-11,1287.7667,1287.7667,1287.7667,1287.7667,56.6667
2018-08-12,1280.9333,1280.9333,1280.9333,1280.9333,33.3333
2018-08-13,1274.1,1274.1,1274.1,1274.1,10.0
2018-08-14,1275.9,1273.4,1273.4,1273.4,0.0
2018-08-15,1259.7,1265.8,1265.8,1265.8,0.0
2018-08-16,1258.0,1258.0,1258.0,1258.0,40.0
2018-08-17,1258.1,1258.1,1258.1,1258.1,0.0
2018-08-18,1261.2333,1260.7333,1260.7333,1260.7333,0.0
2018-08-19,1264.3667,1263.3667,1263.3667,1263.3667,0.0
2018-08-20,1267.5,1266.0,1266.0,1266.0,0.0
2018-08-21,1272.8,1272.9,1272.9,1272.9,0.0
2018-08-22,1275.8,1280.2,1280.2,1278.2,0.0
2018-08-23,1265.2,1265.2,1265.2,1265.2,0.0
2018-08-24,1285.0,1285.0,1285.0,1285.0,10.0
2018-08-25,1286.0,1286.0,1286.0,1286.0,56.6667
2018-08-26,1287.0,1287.0,1287.0,1287.0,103.3333
2018-08-27,1288.0,1288.0,1288.0,1288.0,150.0
2018-08-28,1286.4,1286.4,1286.4,1286.4,140.0
2018-08-29,1283.3,1283.3,1283.3,1283.3,30.0
2018-08-30,1276.1,1276.1,1276.1,1276.1,10.0
2018-08-31,1277.7,1277.7,1277.7,1277.7,30.0
2018-09-01,1241.3,1241.95,1242.15,1241.1,15.0
2018-09-02,1204.9,1206.2,1206.6,1204.5,0.0
2018-09-03,1206.3,1204.9,1209.6,1201.3,0.0
2018-09-04,1270.2,1270.2,1270.2,1270.2,30.0
2018-09-05,1272.6,1266.1,1271.9,1266.1,10.0
2018-09-06,1275.7,1275.7,1275.7,1275.7,0.0
2018-09-07,1272.1,1272.1,1272.1,1272.1,0.0
2018-09-08,1271.9333,1271.9333,1271.9333,1271.9333,3.3333
2018-09-09,1271.7667,1271.7667,1271.7667,1271.7667,6.6667
2018-09-10,1271.6,1271.6,1271.6,1271.6,10.0
2018-09-11,1274.4,1274.4,1274.4,1274.4,20.0
2018-09-12,1283.9,1269.6,1271.0,1269.5,20.0
2018-09-13,1281.0,1281.0,1281.0,1281.0,20.0
2018-09-14,1273.8,1273.8,1273.8,1273.8,0.0
2018-09-15,1275.3333,1275.3333,1275.3333,1275.3333,13.3333
2018-09-16,1276.8667,1276.8667,1276.8667,1276.8667,26.6667
2018-09-17,1278.4,1278.4,1278.4,1278.4,40.0
2018-09-18,1275.7,1275.7,1275.7,1275.7,30.0
2018-09-19,1281.5,1281.5,1281.5,1281.5,10.0
2018-09-20,1284.4,1284.4,1284.4,1284.4,10.0
2018-09-21,1274.3,1274.3,1274.3,1274.3,40.0
2018-09-22,1275.3333,1275.3333,1275.3333,1275.3333,30.0
2018-09-23,1276.3667,1276.3667,1276.3667,1276.3667,20.0
2018-09-24,1277.4,1277.4,1277.4,1277.4,10.0
2018-09-25,1278.2,1278.2,1278.2,1278.2,20.0
2018-09-26,1271.8,1271.8,1271.8,1271.8,0.0
2018-09-27,1259.8,1260.0,1260.0,1260.0,0.0
2018-09-28,1268.7,1270.0,1270.0,1270.0,0.0
2018-09-29,1267.2667,1268.1333,1268.1333,1268.1333,60.0
2018-09-30,1265.8333,1266.2667,1266.2667,1266.2667,120.0
2018-10-01,1264.4,1264.4,1264.4,1264.4,180.0
2018-10-02,1280.7,1280.7,1280.7,1280.7,0.0
2018-10-03,1276.7,1276.7,1276.7,1276.7,80.0
2018-10-04,1275.5,1275.5,1275.5,1275.5,0.0
2018-10-05,1280.2,1280.2,1280.2,1280.2,10.0
2018-10-06,1274.4333,1274.4333,1274.4333,1274.4333,20.0
2018-10-07,1268.6667,1268.6667,1268.6667,1268.6667,30.0
2018-10-08,1262.9,1262.9,1262.9,1262.9,40.0
2018-10-09,1265.8,1265.8,1265.8,1265.8,10.0
2018-10-10,1267.7,1267.7,1267.7,1267.7,60.0
2018-10-11,1302.3,1271.2,1271.2,1271.2,0.0
2018-10-12,1296.3,1296.3,1296.3,1296.3,120.0
2018-10-13,1299.3333,1299.3333,1299.3333,1299.3333,126.6667
2018-10-14,1302.3667,1302.3667,1302.3667,1302.3667,133.3333
2018-10-15,1305.4,1305.4,1305.4,1305.4,140.0
2018-10-16,1305.8,1305.8,1305.8,1305.8,50.0
2018-10-17,1301.9,1301.9,1301.9,1301.9,10.0
2018-10-18,1305.1,1305.1,1305.1,1305.1,170.0
2018-10-19,1303.8,1303.8,1303.8,1303.8,60.0
2018-10-20,1302.4667,1302.4667,1302.4667,1302.4667,46.6667
2018-10-21,1301.1333,1301.1333,1301.1333,1301.1333,33.3333
2018-10-22,1299.8,1299.8,1299.8,1299.8,20.0
2018-10-23,1312.0,1312.0,1312.0,1312.0,30.0
2018-10-24,1305.5,1305.5,1305.5,1305.5,10.0
2018-10-25,1306.7,1306.7,1306.7,1306.7,0.0
2018-10-26,1309.7,1309.7,1309.7,1309.7,50.0
2018-10-27,1306.8333,1306.8333,1306.8333,1306.8333,33.3333
2018-10-28,1303.9667,1303.9667,1303.9667,1303.9667,16.6667
2018-10-29,1301.1,1301.1,1301.1,1301.1,0.0
2018-10-30,1298.9,1296.7,1296.7,1296.7,0.0
2018-10-31,1288.2,1291.1,1291.1,1291.1,0.0
2018-11-01,1312.2,1312.2,1312.2,1312.2,10.0
2018-11-02,1307.3,1307.3,1307.3,1307.3,0.0
2018-11-03,1307.0,1307.0,1307.0,1307.0,16.6667
2018-11-04,1306.7,1306.7,1306.7,1306.7,33.3333
2018-11-05,1306.4,1306.4,1306.4,1306.4,50.0
2018-11-06,1300.4,1300.4,1300.4,1300.4,10.0
2018-11-07,1302.8,1302.8,1302.8,1302.8,0.0
2018-11-08,1299.3,1299.3,1299.3,1299.3,0.0
2018-11-09,1282.2,1282.2,1282.2,1282.2,80.0
2018-11-10,1280.4,1280.4,1280.4,1280.4,63.3333
2018-11-11,1278.6,1278.6,1278.6,1278.6,46.6667
2018-11-12,1276.8,1276.8,1276.8,1276.8,30.0
2018-11-13,1274.7,1274.7,1274.7,1274.7,10.0
2018-11-14,1283.2,1283.2,1283.2,1283.2,330.0
2018-11-15,1287.6,1287.6,1287.6,1287.6,10.0
2018-11-16,1294.9,1294.9,1294.9,1294.9,0.0
2018-11-17,1295.7667,1295.7667,1295.7667,1295.7667,33.3333
2018-11-18,1296.6333,1296.6333,1296.6333,1296.6333,66.6667
2018-11-19,1297.5,1297.5,1297.5,1297.5,100.0
2018-11-20,1293.4,1293.4,1293.4,1293.4,10.0
2018-11-21,1300.8,1300.8,1300.8,1300.8,340.0
2018-11-22,1228.0,1226.4,1229.7,1225.5,0.0
2018-11-23,1296.1,1296.1,1296.1,1296.1,60.0
2018-11-24,1296.0,1296.0,1296.0,1296.0,40.0
2018-11-25,1295.9,1295.9,1295.9,1295.9,20.0
2018-11-26,1295.8,1295.8,1295.8,1295.8,0.0
2018-11-27,1286.5,1286.5,1286.5,1286.5,10.0
2018-11-28,1296.4,1296.4,1296.4,1296.4,0.0
2018-11-29,1297.0,1297.0,1297.0,1297.0,0.0
2018-11-30,1292.7,1289.7,1289.7,1289.7,0.0
2018-12-01,1297.2667,1295.2667,1295.2667,1295.2667,16.6667
2018-12-02,1301.8333,1300.8333,1300.8333,1300.8333,33.3333
2018-12-03,1306.4,1306.4,1306.4,1306.4,50.0
2018-12-04,1313.6,1313.6,1313.6,1313.6,20.0
2018-12-05,1309.6,1309.6,1309.6,1309.6,0.0
2018-12-06,1310.2,1313.9,1313.9,1309.5,0.0
2018-12-07,1319.5,1319.5,1319.5,1319.5,0.0
2018-12-08,1317.9333,1317.9333,1317.9333,1317.9333,30.0
2018-12-09,1316.3667,1316.3667,1316.3667,1316.3667,60.0
2018-12-10,1314.8,1314.8,1314.8,1314.8,90.0
2018-12-11,1312.9,1312.9,1312.9,1312.9,0.0
2018-12-12,1315.8,1315.8,1315.8,1315.8,70.0
2018-12-13,1313.2,1313.2,1313.2,1313.2,190.0
2018-12-14,1307.0,1307.0,1307.0,1307.0,30.0
2018-12-15,1310.4667,1310.4667,1310.4667,1310.4667,23.3333
2018-12-16,1313.9333,1313.9333,1313.9333,1313.9333,16.6667
2018-12-17,1317.4,1317.4,1317.4,1317.4,10.0
2018-12-18,1318.5,1318.5,1318.5,1318.5,30.0
2018-12-19,1321.3,1321.3,1321.3,1321.3,270.0
2018-12-20,1333.1,1333.1,1333.1,1333.1,10.0
2018-12-21,1323.1,1323.1,1323.1,1323.1,60.0
2018-12-22,1327.7333,1327.7333,1327.7333,1327.7333,50.0
2018-12-23,1332.3667,1332.3667,1332.3667,1332.3667,40.0
2018-12-24,1337.0,1337.0,1337.0,1337.0,30.0
2018-12-25,1270.75,1272.5,1274.55,1270.65,0.0
2018-12-26,1338.3,1343.0,1343.0,1343.0,0.0
2018-12-27,1346.5,1346.5,1346.5,1346.5,30.0
2018-12-28,1348.3,1348.3,1348.3,1348.3,80.0
2018-12-29,1347.9,1347.9,1347.9,1347.9,70.0
2018-12-30,1347.5,1347.5,1347.5,1347.5,60.0
2018-12-31,1347.1,1347.1,1347.1,1347.1,50.0
2019-01-01,1283.35,1284.7,1284.75,1282.85,0.0
2019-01-02,1349.5,1349.5,1349.5,1349.5,100.0
2019-01-03,1359.8,1359.8,1359.8,1359.8,10.0
2019-01-04,1351.0,1351.8,1351.8,1351.8,0.0
2019-01-05,1352.4,1352.9333,1352.9333,1352.9333,3.3333
2019-01-06,1353.8,1354.0667,1354.0667,1354.0667,6.6667
2019-01-07,1355.2,1355.2,1355.2,1355.2,10.0
2019-01-08,1351.1,1351.1,1351.1,1351.1,0.0
2019-01-09,1357.3,1357.3,1357.3,1357.3,100.0
2019-01-10,1353.0,1353.0,1353.0,1353.0,550.0
2019-01-11,1355.4,1355.4,1355.4,1355.4,50.0
2019-01-12,1356.0,1356.0,1356.0,1356.0,166.6667
2019-01-13,1356.6,1356.6,1356.6,1356.6,283.3333
2019-01-14,1357.2,1357.2,1357.2,1357.2,400.0
2019-01-15,1353.7,1353.7,1353.7,1353.7,10.0
2019-01-16,1359.3,1359.3,1359.3,1359.3,0.0
2019-01-17,1357.9,1357.9,1357.9,1357.9,30.0
2019-01-18,1348.1,1348.1,1348.1,1348.1,0.0
2019-01-19,1315.075,1314.7,1315.4,1314.3,0.0
2019-01-20,1282.05,1281.3,1282.7,1280.5,0.0
2019-01-21,1279.05,1281.95,1282.95,1276.15,0.0
2019-01-22,1348.4,1348.4,1348.4,1348.4,150.0
2019-01-23,1349.3,1349.3,1349.3,1349.3,20.0
2019-01-24,1344.9,1344.9,1344.9,1344.9,50.0
2019-01-25,1364.0,1360.0,1360.0,1360.0,10.0
2019-01-26,1365.9333,1363.2667,1363.2667,1363.2667,6.6667
2019-01-27,1367.8667,1366.5333,1366.5333,1366.5333,3.3333
2019-01-28,1369.8,1369.8,1369.8,1369.8,0.0
2019-01-29,1375.6,1375.6,1375.6,1375.6,200.0
2019-01-30,1375.9,1377.6,1377.6,1377.6,60.0
2019-01-31,1384.0,1384.0,1384.0,1384.0,80.0
2019-02-01,1381.1,1382.6,1382.6,1382.6,10.0
2019-02-02,1380.1667,1381.1667,1381.1667,1381.1667,6.6667
2019-02-03,1379.2333,1379.7333,1379.7333,1379.7333,3.3333
2019-02-04,1378.3,1378.3,1378.3,1378.3,0.0
2019-02-05,1378.6,1378.6,1378.6,1378.6,40.0
2019-02-06,1373.8,1373.8,1373.8,1373.8,0.0
2019-02-07,1373.6,1373.6,1373.6,1373.6,0.0
2019-02-08,1377.8,1377.8,1377.8,1377.8,50.0
2019-02-09,1375.6,1375.6,1375.6,1375.6,43.3333
2019-02-10,1373.4,1373.4,1373.4,1373.4,36.6667
2019-02-11,1371.2,1371.2,1371.2,1371.2,30.0
2019-02-12,1373.2,1373.2,1373.2,1373.2,0.0
2019-02-13,1374.6,1374.6,1374.6,1374.6,50.0
2019-02-14,1373.2,1373.2,1373.2,1373.2,70.0
2019-02-15,1381.2,1381.2,1381.2,1381.2,30.0
2019-02-16,1352.725,1352.925,1353.075,1352.525,15.0
2019-02-17,1324.25,1324.65,1324.95,1323.85,0.0
2019-02-18,1329.55,1324.35,1330.75,1324.05,0.0
2019-02-19,1403.9,1403.9,1403.9,1403.9,40.0
2019-02-20,1406.7,1406.7,1406.7,1406.7,150.0
2019-02-21,1387.2,1388.0,1388.0,1388.0,30.0
2019-02-22,1392.5,1392.5,1392.5,1392.5,20.0
2019-02-23,1391.3333,1391.3333,1391.3333,1391.3333,13.3333
2019-02-24,1390.1667,1390.1667,1390.1667,1390.1667,6.6667
2019-02-25,1389.0,1389.0,1389.0,1389.0,0.0
2019-02-26,1387.9,1387.9,1387.9,1387.9,0.0
2019-02-27,1380.5,1380.5,1380.5,1380.5,0.0
2019-02-28,1375.3,1374.0,1374.0,1374.0,10.0
2019-03-01,1358.3,1358.3,1358.3,1358.3,130.0
2019-03-02,1354.3,1354.3,1354.3,1354.3,93.3333
2019-03-03,1350.3,1350.3,1350.3,1350.3,56.6667
2019-03-04,1346.3,1346.3,1346.3,1346.3,20.0
2019-03-05,1343.5,1343.5,1343.5,1343.5,0.0
2019-03-06,1346.5,1346.5,1346.5,1346.5,0.0
2019-03-07,1344.9,1344.9,1344.9,1344.9,40.0
2019-03-08,1358.5,1358.5,1358.5,1358.5,0.0
2019-03-09,1355.6667,1355.6667,1355.6667,1355.6667,0.0
2019-03-10,1352.8333,1352.8333,1352.8333,1352.8333,0.0
2019-03-11,1350.0,1350.0,1350.0,1350.0,0.0
2019-03-12,1356.6,1356.6,1356.6,1356.6,80.0
2019-03-13,1368.1,1368.1,1368.1,1368.1,20.0
2019-03-14,1352.9,1352.9,1352.9,1352.9,230.0
2019-03-15,1360.6,1360.6,1360.6,1360.6,10.0
2019-03-16,1360.2,1360.2,1360.2,1360.2,10.0
2019-03-17,1359.8,1359.8,1359.8,1359.8,10.0
2019-03-18,1359.4,1359.4,1359.4,1359.4,10.0
2019-03-19,1364.7,1364.7,1364.7,1364.7,0.0
2019-03-20,1359.5,1359.5,1359.5,1359.5,20.0
2019-03-21,1364.5,1364.5,1364.5,1364.5,120.0
2019-03-22,1369.3,1368.2,1368.2,1368.2,30.0
2019-03-23,1372.2333,1371.5,1371.5,1371.5,53.3333
2019-03-24,1375.1667,1374.8,1374.8,1374.8,76.6667
2019-03-25,1378.1,1378.1,1378.1,1378.1,100.0
2019-03-26,1369.3,1369.3,1369.3,1369.3,10.0
2019-03-27,1363.8,1363.8,1363.8,1363.8,40.0
2019-03-28,1342.4,1348.0,1348.0,1342.2,10.0
2019-03-29,1346.0,1354.1,1354.1,1354.1,0.0
2019-03-30,1344.9,1350.3,1350.3,1350.3,10.0
2019-03-31,1343.8,1346.5,1346.5,1346.5,20.0
2019-04-01,1342.7,1342.7,1342.7,1342.7,30.0
2019-04-02,1343.9,1340.8,1343.2,1340.8,0.0
2019-04-03,1344.0,1344.0,1344.0,1344.0,50.0
2019-04-04,1343.5,1343.5,1343.5,1343.5,40.0
2019-04-05,1345.2,1345.2,1345.2,1345.2,50.0
2019-04-06,1347.4333,1347.4333,1347.4333,1347.4333,33.3333
2019-04-07,1349.6667,1349.6667,1349.6667,1349.6667,16.6667
2019-04-08,1351.9,1351.9,1351.9,1351.9,0.0
2019-04-09,1358.4,1358.4,1358.4,1358.4,0.0
2019-04-10,1363.9,1363.9,1363.9,1363.9,80.0
2019-04-11,1343.4,1356.6,1356.6,1356.6,0.0
2019-04-12,1346.3,1346.3,1346.3,1346.3,230.0
2019-04-13,1345.0,1345.0,1345.0,1345.0,160.0
2019-04-14,1343.7,1343.7,1343.7,1343.7,90.0
2019-04-15,1342.4,1342.4,1342.4,1342.4,20.0
2019-04-16,1328.1,1329.1,1329.1,1329.0,50.0
2019-04-17,1327.6,1327.6,1327.6,1327.6,60.0
2019-04-18,1326.9,1326.9,1326.9,1326.9,80.0
2019-04-19,1277.9,1277.9,1277.9,1277.9,0.0
2019-04-20,1294.7667,1294.7667,1294.7667,1294.7667,0.0
2019-04-21,1311.6333,1311.6333,1311.6333,1311.6333,0.0
2019-04-22,1328.5,1328.5,1328.5,1328.5,0.0
2019-04-23,1323.8,1323.8,1323.8,1323.8,10.0
2019-04-24,1329.9,1329.9,1329.9,1329.9,150.0
2019-04-25,1330.2,1330.2,1330.2,1330.2,0.0
2019-04-26,1339.2,1339.2,1339.2,1339.2,380.0
2019-04-27,1336.6667,1336.6667,1336.6667,1336.6667,300.0
2019-04-28,1334.1333,1334.1333,1334.1333,1334.1333,220.0
2019-04-29,1331.6,1331.6,1331.6,1331.6,140.0
2019-04-30,1335.7,1335.7,1335.7,1335.7,210.0
2019-05-01,1334.2,1334.2,1334.2,1334.2,260.0
2019-05-02,1322.2,1323.0,1323.0,1323.0,0.0
2019-05-03,1331.7,1331.7,1331.7,1331.7,20.0
2019-05-04,1332.4667,1332.4667,1332.4667,1332.4667,16.6667
2019-05-05,1333.2333,1333.2333,1333.2333,1333.2333,13.3333
2019-05-06,1334.0,1334.0,1334.0,1334.0,10.0
2019-05-07,1335.8,1335.8,1335.8,1335.8,120.0
2019-05-08,1331.4,1338.0,1338.0,1338.0,50.0
2019-05-09,1335.1,1335.1,1335.1,1335.1,40.0
2019-05-10,1337.2,1337.2,1337.2,1337.2,50.0
2019-05-11,1341.5333,1341.5333,1341.5333,1341.5333,73.3333
2019-05-12,1345.8667,1345.8667,1345.8667,1345.8667,96.6667
2019-05-13,1350.2,1350.2,1350.2,1350.2,120.0
2019-05-14,1343.4,1343.4,1343.4,1343.4,200.0
2019-05-15,1344.5,1344.5,1344.5,1344.5,60.0
2019-05-16,1333.1,1333.1,1333.1,1333.1,110.0
2019-05-17,1322.5,1322.5,1322.5,1322.5,210.0
2019-05-18,1323.0667,1323.0667,1323.0667,1323.0667,166.6667
2019-05-19,1323.6333,1323.6333,1323.6333,1323.6333,123.3333
2019-05-20,1324.2,1324.2,1324.2,1324.2,80.0
2019-05-21,1320.1,1320.1,1320.1,1320.1,100.0
2019-05-22,1321.3,1321.3,1321.3,1321.3,20.0
2019-05-23,1331.8,1328.4,1328.4,1328.4,0.0
2019-05-24,1330.1,1329.2,1329.2,1329.2,0.0
2019-05-25,1307.125,1306.7,1307.175,1306.425,0.0
2019-05-26,1284.15,1284.2,1285.15,1283.65,0.0
2019-05-27,1284.95,1284.25,1286.85,1283.25,0.0
2019-05-28,1323.3,1322.6,1322.6,1322.6,120.0
2019-05-29,1326.5,1327.8,1327.8,1327.8,0.0
2019-05-30,1332.9,1332.4,1332.4,1332.4,330.0
2019-05-31,1349.6,1342.9,1347.8,1342.9,220.0
2019-06-01,1354.8333,1347.4333,1350.7,1347.4333,170.0
2019-06-02,1360.0667,1351.9667,1353.6,1351.9667,120.0
2019-06-03,1365.3,1356.5,1356.5,1356.5,70.0
2019-06-04,1366.5,1366.5,1366.5,1366.5,30.0
2019-06-05,1370.2,1376.6,1376.6,1368.8,160.0
2019-06-06,1378.5,1370.0,1370.0,1370.0,90.0
2019-06-07,1381.9,1388.5,1388.5,1382.4,50.0
2019-06-08,1376.9,1385.0,1385.0,1377.2667,36.6667
2019-06-09,1371.9,1381.5,1381.5,1372.1333,23.3333
2019-06-10,1366.9,1378.0,1378.0,1367.0,10.0
2019-06-11,1369.0,1369.0,1369.0,1369.0,1010.0
2019-06-12,1373.8,1373.8,1373.8,1373.8,10.0
2019-06-13,1380.7,1378.3,1378.7,1378.3,0.0
2019-06-14,1381.5,1389.2,1389.2,1379.8,40.0
2019-06-15,1380.8667,1386.0333,1387.5333,1379.7667,33.3333
2019-06-16,1380.2333,1382.8667,1385.8667,1379.7333,26.6667
2019-06-17,1379.6,1379.7,1384.2,1379.7,20.0
2019-06-18,1387.4,1379.7,1394.5,1379.7,180.0
2019-06-19,1384.4,1382.1,1382.1,1382.1,90.0
2019-06-20,1429.4,1419.1,1428.7,1417.4,410.0
2019-06-21,1432.7,1444.0,1444.0,1419.6,20.0
2019-06-22,1438.7667,1442.3667,1445.8667,1426.0667,16.6667
2019-06-23,1444.8333,1440.7333,1447.7333,1432.5333,13.3333
2019-06-24,1450.9,1439.1,1449.6,1439.0,10.0
2019-06-25,1451.3,1461.3,1473.9,1448.7,90.0
2019-06-26,1447.8,1441.9,1445.4,1440.5,40.0
2019-06-27,1444.5,1444.5,1444.5,1444.5,60.0
2019-06-28,1446.8,1451.0,1451.0,1445.7,60.0
2019-06-29,1439.0667,1448.6667,1448.6667,1438.6,43.3333
2019-06-30,1431.3333,1446.3333,1446.3333,1431.5,26.6667
2019-07-01,1423.6,1444.0,1444.0,1424.4,10.0
2019-07-02,1442.8,1428.6,1428.6,1428.6,70.0
2019-07-03,1456.0,1465.5,1465.5,1461.9,0.0
2019-07-04,1423.55,1421.25,1426.65,1412.85,0.0
2019-07-05,1436.6,1428.0,1433.0,1428.0,20.0
2019-07-06,1436.8333,1430.9667,1434.3,1430.9667,30.0
2019-07-07,1437.0667,1433.9333,1435.6,1433.9333,40.0
2019-07-08,1437.3,1436.9,1436.9,1436.9,50.0
2019-07-09,1438.3,1430.6,1430.8,1430.6,20.0
2019-07-10,1450.5,1450.5,1450.5,1450.5,70.0
2019-07-11,1445.3,1461.4,1467.2,1461.4,10.0
2019-07-12,1450.9,1450.9,1450.9,1450.9,50.0
2019-07-13,1451.3667,1451.3667,1451.3667,1451.3667,363.3333
2019-07-14,1451.8333,1451.8333,1451.8333,1451.8333,676.6667
2019-07-15,1452.3,1452.3,1452.3,1452.3,990.0
2019-07-16,1450.2,1453.4,1453.4,1453.4,20.0
2019-07-17,1462.5,1455.0,1467.3,1455.0,20.0
2019-07-18,1467.2,1464.4,1488.5,1459.4,20.0
2019-07-19,1465.5,1483.3,1487.4,1461.5,20.0
2019-07-20,1465.6667,1477.5333,1480.2667,1463.0,216.6667
2019-07-21,1465.8333,1471.7667,1473.1333,1464.5,413.3333
2019-07-22,1466.0,1466.0,1466.0,1466.0,610.0
2019-07-23,1460.8,1458.6,1459.6,1458.6,250.0
2019-07-24,1462.9,1467.2,1467.2,1467.2,40.0
2019-07-25,1454.4,1465.1,1468.0,1456.1,810.0
2019-07-26,1460.4,1460.4,1460.4,1460.4,560.0
2019-07-27,1460.8333,1460.8333,1460.8333,1460.8333,723.3333
2019-07-28,1461.2667,1461.2667,1461.2667,1461.2667,886.6667
2019-07-29,1461.7,1461.7,1461.7,1461.7,1050.0
2019-07-30,1470.3,1469.0,1472.4,1469.0,20.0
2019-07-31,1466.3,1460.5,1469.6,1452.9,130.0
2019-08-01,1461.5,1450.8,1485.6,1443.3,150.0
2019-08-02,1485.3,1476.2,1476.2,1476.2,80.0
2019-08-03,1491.0667,1479.9333,1485.8,1479.9333,76.6667
2019-08-04,1496.8333,1483.6667,1495.4,1483.6667,73.3333
2019-08-05,1502.6,1487.4,1505.0,1487.4,70.0
2019-08-06,1509.7,1507.2,1511.1,1498.6,140.0
2019-08-07,1544.6,1510.6,1547.7,1510.6,110.0
2019-08-08,1535.0,1533.0,1542.1,1532.6,60.0
2019-08-09,1534.5,1542.8,1543.8,1535.0,90.0
2019-08-10,1537.3333,1540.5333,1545.9,1532.1333,113.3333
2019-08-11,1540.1667,1538.2667,1548.0,1529.2667,136.6667
2019-08-12,1543.0,1536.0,1550.1,1526.4,160.0
2019-08-13,1540.7,1556.2,1571.7,1523.1,70.0
2019-08-14,1554.0,1538.5,1553.1,1532.6,240.0
2019-08-15,1556.7,1553.0,1561.2,1546.0,290.0
2019-08-16,1549.2,1557.4,1557.7,1541.3,160.0
2019-08-17,1545.2,1552.9,1553.1,1537.8667,223.3333
2019-08-18,1541.2,1548.4,1548.5,1534.4333,286.6667
2019-08-19,1537.2,1543.9,1543.9,1531.0,350.0
2019-08-20,1541.3,1530.2,1540.7,1530.2,170.0
2019-08-21,1541.5,1532.7,1540.6,1532.7,560.0
2019-08-22,1534.4,1534.3,1538.8,1530.5,250.0
2019-08-23,1563.5,1539.0,1563.5,1537.3,260.0
2019-08-24,1563.3667,1554.1667,1570.5,1545.9333,196.6667
2019-08-25,1563.2333,1569.3333,1577.5,1554.5667,133.3333
2019-08-26,1563.1,1584.5,1584.5,1563.2,70.0
2019-08-27,1578.0,1566.2,1579.3,1564.6,170.0
2019-08-28,1575.3,1572.3,1578.0,1571.6,240.0
2019-08-29,1564.0,1571.9,1578.8,1562.0,250.0
2019-08-30,1557.2,1564.1,1566.9,1555.0,450.0
2019-08-31,1547.625,1549.675,1554.9,1545.125,225.0
2019-09-01,1538.05,1535.25,1542.9,1535.25,0.0
2019-09-02,1535.15,1537.95,1540.05,1528.15,0.0
2019-09-03,1583.2,1562.8,1583.9,1561.2,240.0
2019-09-04,1587.4,1582.7,1590.7,1572.0,340.0
2019-09-05,1552.9,1579.5,1584.1,1544.9,100.0
2019-09-06,1543.3,1551.0,1559.9,1539.2,60.0
2019-09-07,1542.0667,1547.3667,1555.4667,1537.5,120.0
2019-09-08,1540.8333,1543.7333,1551.0333,1535.8,180.0
2019-09-09,1539.6,1540.1,1546.6,1534.1,240.0
2019-09-10,1528.1,1531.9,1532.6,1524.9,160.0
2019-09-11,1532.4,1528.8,1534.4,1528.8,40.0
2019-09-12,1537.8,1530.4,1558.6,1530.4,410.0
2019-09-13,1530.7,1543.4,1543.4,1525.6,180.0
2019-09-14,1534.5667,1543.1333,1544.4333,1529.2,350.0
2019-09-15,1538.4333,1542.8667,1545.4667,1532.8,520.0
2019-09-16,1542.3,1542.6,1546.5,1536.4,690.0
2019-09-17,1544.1,1538.8,1542.3,1538.8,10.0
2019-09-18,1546.1,1538.9,1549.0,1530.4,500.0
2019-09-19,1536.4,1528.8,1540.4,1528.8,160.0
2019-09-20,1545.3,1537.8,1553.5,1537.8,100.0
2019-09-21,1550.7333,1544.0667,1556.5,1544.0667,73.3333
2019-09-22,1556.1667,1550.3333,1559.5,1550.3333,46.6667
2019-09-23,1561.6,1556.6,1562.5,1556.6,20.0
2019-09-24,1570.1,1560.1,1573.0,1554.9,510.0
2019-09-25,1542.0,1572.0,1572.0,1539.1,250.0
2019-09-26,1545.0,1538.9,1547.0,1538.0,250.0
2019-09-27,1536.1,1538.3,1538.3,1525.7,170.0
2019-09-28,1524.8333,1536.5333,1536.5333,1517.1667,283.3333
2019-09-29,1513.5667,1534.7667,1534.7667,1508.6333,396.6667
2019-09-30,1502.3,1533.0,1533.0,1500.1,510.0
2019-10-01,1518.0,1502.6,1520.0,1499.0,220.0
2019-10-02,1536.8,1512.8,1536.3,1509.9,340.0
2019-10-03,1541.3,1536.8,1551.8,1535.2,450.0
2019-10-04,1540.7,1541.3,1541.3,1530.2,70.0
2019-10-05,1537.9667,1540.5,1540.5,1527.5333,100.0
2019-10-06,1535.2333,1539.7,1539.7,1524.8667,130.0
2019-10-07,1532.5,1538.9,1538.9,1522.2,160.0
2019-10-08,1531.9,1524.2,1540.0,1522.6,430.0
2019-10-09,1541.1,1539.7,1543.0,1535.0,430.0
2019-10-10,1529.7,1548.0,1548.0,1526.0,130.0
2019-10-11,1517.8,1533.7,1534.6,1508.0,1040.0
2019-10-12,1520.9,1532.1333,1533.0667,1513.4667,703.3333
2019-10-13,1524.0,1530.5667,1531.5333,1518.9333,366.6667
2019-10-14,1527.1,1529.0,1530.0,1524.4,30.0
2019-10-15,1513.1,1522.9,1524.5,1513.0,230.0
2019-10-16,1523.4,1515.5,1522.2,1510.0,200.0
2019-10-17,1527.8,1519.9,1527.6,1519.9,210.0
2019-10-18,1523.0,1526.1,1526.1,1519.5,160.0
2019-10-19,1521.1,1525.7,1525.7,1518.0,143.3333
2019-10-20,1519.2,1525.3,1525.3,1516.5,126.6667
2019-10-21,1517.3,1524.9,1524.9,1515.0,110.0
2019-10-22,1516.6,1517.3,1519.0,1515.0,10.0
2019-10-23,1524.9,1522.0,1526.1,1522.0,30.0
2019-10-24,1533.9,1524.3,1534.7,1522.0,280.0
2019-10-25,1535.1,1537.5,1549.9,1535.0,70.0
2019-10-26,1532.0,1536.9,1545.3333,1531.1667,100.0
2019-10-27,1528.9,1536.3,1540.7667,1527.3333,130.0
2019-10-28,1525.8,1535.7,1536.2,1523.5,160.0
2019-10-29,1520.6,1524.2,1524.2,1515.5,220.0
2019-10-30,1526.5,1520.8,1526.5,1513.2,1900.0
2019-10-31,1544.0,1527.0,1545.0,1527.0,170.0
2019-11-01,1541.3,1542.1,1545.0,1538.0,200.0
2019-11-02,1541.4,1543.0,1544.9333,1539.0,410.0
2019-11-03,1541.5,1543.9,1544.8667,1540.0,620.0
2019-11-04,1541.6,1544.8,1544.8,1541.0,830.0
2019-11-05,1514.5,1535.0,1535.0,1513.0,1770.0
2019-11-06,1523.9,1516.7,1525.4,1516.1,690.0
2019-11-07,1497.7,1520.1,1520.1,1495.1,1320.0
2019-11-08,1496.3,1500.5,1503.0,1488.8,350.0
2019-11-09,1493.5333,1498.3333,1500.0,1485.9,476.6667
2019-11-10,1490.7667,1496.1667,1497.0,1483.0,603.3333
2019-11-11,1488.0,1494.0,1494.0,1480.1,730.0
2019-11-12,1484.2,1487.8,1488.5,1480.0,930.0
2019-11-13,1493.9,1489.9,1498.1,1489.9,740.0
2019-11-14,1504.0,1495.1,1504.7,1494.8,840.0
2019-11-15,1499.1,1496.3,1499.9,1495.9,70.0
2019-11-16,1500.2,1497.0,1500.8667,1493.5333,320.0
2019-11-17,1501.3,1497.7,1501.8333,1491.1667,570.0
2019-11-18,1502.4,1498.4,1502.8,1488.8,820.0
2019-11-19,1504.8,1501.3,1506.1,1497.0,1030.0
2019-11-20,1504.5,1505.5,1509.2,1498.0,690.0
2019-11-21,1494.0,1505.5,1505.7,1494.0,490.0
2019-11-22,1494.4,1497.7,1502.3,1492.0,700.0
2019-11-23,1492.3,1495.4333,1498.8667,1489.7333,780.0
2019-11-24,1490.2,1493.1667,1495.4333,1487.4667,860.0
2019-11-25,1488.1,1490.9,1492.0,1485.2,940.0
2019-11-26,1491.0,1484.3,1492.0,1481.0,310.0
2019-11-27,1484.4,1489.2,1490.2,1483.9,220.0
2019-11-28,1462.25,1463.25,1464.55,1460.75,0.0
2019-11-29,1496.6,1488.0,1495.4,1484.2,190.0
2019-11-30,1495.4333,1490.0,1495.3667,1484.4667,183.3333
2019-12-01,1494.2667,1492.0,1495.3333,1484.7333,176.6667
2019-12-02,1493.1,1494.0,1495.3,1485.0,170.0
2019-12-03,1508.6,1491.1,1510.3,1491.1,450.0
2019-12-04,1504.5,1509.1,1513.5,1502.5,460.0
2019-12-05,1507.5,1505.0,1508.0,1503.0,230.0
2019-12-06,1489.9,1503.0,1506.0,1488.0,440.0
2019-12-07,1489.8667,1499.7333,1501.7333,1488.4667,393.3333
2019-12-08,1489.8333,1496.4667,1497.4667,1488.9333,346.6667
2019-12-09,1489.8,1493.2,1493.2,1489.4,300.0
2019-12-10,1493.2,1490.6,1496.0,1489.7,140.0
2019-12-11,1500.1,1500.0,1507.0,1497.5,140.0
2019-12-12,1497.5,1511.2,1514.0,1494.1,170.0
2019-12-13,1506.9,1493.0,1507.9,1493.0,470.0
2019-12-14,1506.8333,1497.1333,1508.4,1496.6333,453.3333
2019-12-15,1506.7667,1501.2667,1508.9,1500.2667,436.6667
2019-12-16,1506.7,1505.4,1509.4,1503.9,420.0
2019-12-17,1506.8,1505.8,1510.0,1505.0,210.0
2019-12-18,1504.3,1506.4,1508.5,1501.7,1560.0
2019-12-19,1510.0,1505.4,1510.4,1503.5,570.0
2019-12-20,1506.4,1508.1,1510.0,1505.2,440.0
2019-12-21,1509.0667,1508.9667,1511.6333,1507.0333,423.3333
2019-12-22,1511.7333,1509.8333,1513.2667,1508.8667,406.6667
2019-12-23,1514.4,1510.7,1514.9,1510.7,390.0
2019-12-24,1530.5,1518.6,1530.1,1518.6,450.0
2019-12-25,1504.05,1504.4,1504.4,1502.15,0.0
2019-12-26,1540.3,1528.9,1543.0,1528.4,1020.0
2019-12-27,1544.4,1540.7,1545.0,1540.0,290.0
2019-12-28,1544.7333,1541.7667,1545.1667,1540.0333,346.6667
2019-12-29,1545.0667,1542.8333,1545.3333,1540.0667,403.3333
2019-12-30,1545.4,1543.9,1545.5,1540.1,460.0
2019-12-31,1550.6,1546.7,1555.0,1546.4,670.0
2020-01-01,1520.95,1520.85,1523.95,1520.85,0.0
2020-01-02,1555.2,1548.7,1559.5,1548.2,1250.0
2020-01-03,1579.6,1561.6,1583.6,1561.6,5120.0
2020-01-04,1585.1,1571.1333,1594.1667,1571.0667,4346.6667
2020-01-05,1590.6,1580.6667,1604.7333,1580.5333,3573.3333
2020-01-06,1596.1,1590.2,1615.3,1590.0,2800.0
2020-01-07,1601.3,1594.5,1605.5,1586.5,2570.0
2020-01-08,1587.0,1603.3,1637.9,1581.5,3320.0
2020-01-09,1581.4,1583.0,1587.5,1570.2,1430.0
2020-01-10,1587.0,1577.6,1589.6,1574.1,2730.0
2020-01-11,1583.8333,1580.6667,1588.6667,1574.3667,2720.0
2020-01-12,1580.6667,1583.7333,1587.7333,1574.6333,2710.0
2020-01-13,1577.5,1586.8,1586.8,1574.9,2700.0
2020-01-14,1571.2,1573.2,1573.9,1563.4,1760.0
2020-01-15,1580.3,1575.9,1582.2,1573.4,2100.0
2020-01-16,1576.9,1580.4,1583.4,1575.0,1860.0
2020-01-17,1587.2,1578.6,1588.0,1577.1,1540.0
2020-01-18,1572.125,1568.0,1573.525,1566.775,770.0
2020-01-19,1557.05,1557.4,1559.05,1556.45,0.0
2020-01-20,1561.25,1557.2,1562.7,1556.65,0.0
2020-01-21,1584.7,1584.0,1593.8,1573.6,2140.0
2020-01-22,1583.5,1583.1,1585.5,1577.6,1960.0
2020-01-23,1592.1,1585.0,1593.5,1580.1,1750.0
2020-01-24,1599.0,1589.1,1601.4,1584.0,2620.0
2020-01-25,1600.8667,1596.0667,1605.2,1590.2667,2390.0
2020-01-26,1602.7333,1603.0333,1609.0,1596.5333,2160.0
2020-01-27,1604.6,1610.0,1612.8,1602.8,1930.0
2020-01-28,1596.9,1606.7,1607.1,1593.4,10910.0
2020-01-29,1597.9,1594.5,1603.6,1589.3,4240.0
2020-01-30,1610.7,1601.6,1612.0,1599.0,1500.0
2020-01-31,1609.4,1599.7,1615.3,1597.7,3060.0
2020-02-01,1607.6,1606.0667,1616.7333,1596.8,2380.0
2020-02-02,1605.8,1612.4333,1618.1667,1595.9,1700.0
2020-02-03,1604.0,1618.8,1619.6,1595.0,1020.0
2020-02-04,1577.5,1602.3,1602.3,1576.0,1840.0
2020-02-05,1584.7,1579.4,1587.0,1573.0,2050.0
2020-02-06,1591.7,1580.7,1592.4,1579.3,1310.0
2020-02-07,1595.0,1591.0,1598.3,1588.4,840.0
2020-02-08,1596.9,1593.8333,1599.3667,1590.3333,1113.3333
2020-02-09,1598.8,1596.6667,1600.4333,1592.2667,1386.6667
2020-02-10,1600.7,1599.5,1601.5,1594.2,1660.0
2020-02-11,1591.1,1597.3,1597.9,1587.1,1860.0
2020-02-12,1592.4,1590.8,1593.9,1587.5,2050.0
2020-02-13,1599.6,1594.4,1602.0,1594.0,1730.0
2020-02-14,1606.9,1601.0,1608.4,1597.3,1560.0
2020-02-15,1596.575,1593.25,1597.325,1590.375,780.0
2020-02-16,1586.25,1585.5,1586.25,1583.45,0.0
2020-02-17,1587.05,1586.15,1588.45,1581.85,0.0
2020-02-18,1624.0,1605.0,1628.3,1603.5,1620.0
2020-02-19,1632.2,1625.0,1634.8,1623.3,1400.0
2020-02-20,1640.8,1634.0,1645.5,1627.7,1310.0
2020-02-21,1669.1,1645.5,1671.2,1642.4,1860.0
2020-02-22,1678.4333,1654.7667,1684.7333,1652.7,4560.0
2020-02-23,1687.7667,1664.0333,1698.2667,1663.0,7260.0
2020-02-24,1697.1,1673.3,1711.8,1673.3,9960.0
2020-02-25,1670.2,1681.6,1681.6,1650.0,3360.0
2020-02-26,1662.9,1656.4,1676.7,1646.7,3590.0
2020-02-27,1661.4,1668.0,1680.3,1656.0,3960.0
2020-02-28,1583.6,1667.1,1667.1,1582.0,6310.0
2020-02-29,1592.3,1647.7667,1653.4,1585.9667,4996.6667
2020-03-01,1601.0,1628.4333,1639.7,1589.9333,3683.3333
2020-03-02,1609.7,1609.1,1626.0,1593.9,2370.0
2020-03-03,1658.8,1606.5,1663.8,1606.5,3140.0
2020-03-04,1656.5,1660.1,1661.1,1647.3,3920.0
2020-03-05,1680.4,1653.4,1687.2,1653.0,2370.0
2020-03-06,1683.0,1683.6,1703.6,1657.7,4500.0
2020-03-07,1683.3667,1689.0667,1706.4333,1661.1667,4180.0
2020-03-08,1683.7333,1694.5333,1709.2667,1664.6333,3860.0
2020-03-09,1684.1,1700.0,1712.1,1668.1,3540.0
2020-03-10,1669.0,1675.0,1679.3,1651.5,3670.0
2020-03-11,1650.8,1657.9,1677.6,1641.7,4200.0
2020-03-12,1598.8,1648.6,1655.2,1568.7,3050.0
2020-03-13,1524.9,1592.6,1604.2,1514.3,2510.0
2020-03-14,1514.5333,1586.0667,1595.6667,1495.8,2586.6667
2020-03-15,1504.1667,1579.5333,1587.1333,1477.3,2663.3333
2020-03-16,1493.8,1573.0,1578.6,1458.8,2740.0
2020-03-17,1534.1,1504.5,1561.5,1476.3,3410.0
2020-03-18,1487.1,1547.0,1551.1,1485.2,2490.0
2020-03-19,1489.4,1496.6,1508.0,1476.9,2210.0
2020-03-20,1495.1,1468.0,1530.0,1468.0,4160.0
2020-03-21,1523.8667,1485.3333,1547.9,1478.3,3820.0
2020-03-22,1552.6333,1502.6667,1565.8,1488.6,3480.0
2020-03-23,1581.4,1520.0,1583.7,1498.9,3140.0
2020-03-24,1663.0,1578.0,1691.4,1578.0,9560.0
2020-03-25,1633.3,1688.0,1695.0,1607.5,5340.0
2020-03-26,1662.0,1639.6,1678.0,1615.0,7610.0
2020-03-27,1655.0,1653.6,1659.3,1631.9,6370.0
2020-03-28,1651.3667,1657.6333,1663.7,1632.8,5210.0
2020-03-29,1647.7333,1661.6667,1668.1,1633.7,4050.0
2020-03-30,1644.1,1665.7,1672.5,1634.6,2890.0
2020-03-31,1597.6,1640.1,1642.2,1590.8,3350.0
2020-04-01,1592.5,1580.0,1611.0,1577.7,3250.0
2020-04-02,1638.9,1607.0,1645.2,1596.7,3420.0
2020-04-03,1646.5,1639.0,1651.5,1625.3,3020.0
2020-04-04,1662.0333,1642.5,1672.1667,1630.2,3360.0
2020-04-05,1677.5667,1646.0,1692.8333,1635.1,3700.0
2020-04-06,1693.1,1649.5,1713.5,1640.0,4040.0
2020-04-07,1683.7,1713.1,1740.8,1674.3,7050.0
2020-04-08,1684.1,1680.1,1693.9,1673.9,3330.0
2020-04-09,1753.6,1679.2,1754.3,1679.2,9300.0
2020-04-10,1740.6,1740.6,1740.6,1740.6,0.0
2020-04-11,1747.9667,1740.9333,1751.5667,1735.4,1383.3333
2020-04-12,1755.3333,1741.2667,1762.5333,1730.2,2766.6667
2020-04-13,1762.7,1741.6,1773.5,1725.0,4150.0
2020-04-14,1771.2,1768.0,1789.5,1750.0,7090.0
2020-04-15,1744.7,1760.7,1762.7,1736.4,3860.0
2020-04-16,1736.3,1744.0,1771.2,1727.6,3830.0
2020-04-17,1702.7,1740.7,1741.3,1695.5,4410.0
2020-04-18,1706.9,1726.2,1734.8667,1693.4,3780.0
2020-04-19,1711.1,1711.7,1728.4333,1691.3,3150.0
2020-04-20,1715.3,1697.2,1722.0,1689.2,2520.0
2020-04-21,1692.1,1717.6,1720.8,1670.3,2730.0
2020-04-22,1743.5,1707.6,1747.1,1700.0,2500.0
2020-04-23,1751.0,1741.4,1769.2,1736.0,3790.0
2020-04-24,1741.7,1754.4,1765.5,1733.0,2260.0
2020-04-25,1738.2667,1751.8333,1761.3333,1730.9333,2473.3333
2020-04-26,1734.8333,1749.2667,1757.1667,1728.8667,2686.6667
2020-04-27,1731.4,1746.7,1753.0,1726.8,2900.0
2020-04-28,1731.2,1731.8,1740.0,1712.7,3060.0
2020-04-29,1722.4,1735.0,1741.8,1718.0,1900.0
2020-04-30,1704.9,1737.0,1745.0,1697.7,3800.0
2020-05-01,1712.0,1705.7,1723.1,1688.0,2330.0
2020-05-02,1716.6333,1711.4333,1727.2333,1695.9333,2670.0
2020-05-03,1721.2667,1717.1667,1731.3667,1703.8667,3010.0
2020-05-04,1725.9,1722.9,1735.5,1711.8,3350.0
2020-05-05,1728.0,1719.0,1733.7,1710.5,8370.0
2020-05-06,1704.4,1730.5,1733.4,1698.8,5810.0
2020-05-07,1743.7,1706.4,1750.5,1704.5,8260.0
2020-05-08,1735.2,1743.5,1752.7,1724.5,8130.0
2020-05-09,1730.4333,1738.2333,1746.5333,1721.0667,7543.3333
2020-05-10,1725.6667,1732.9667,1740.3667,1717.6333,6956.6667
2020-05-11,1720.9,1727.7,1734.2,1714.2,6370.0
2020-05-12,1728.0,1721.1,1737.2,1717.0,5810.0
2020-05-13,1737.3,1726.6,1744.5,1721.0,6180.0
2020-05-14,1762.0,1743.3,1765.1,1735.0,4050.0
2020-05-15,1778.7,1760.1,1783.0,1758.0,5540.0
2020-05-16,1772.6667,1766.7333,1788.6667,1757.4,5050.0
2020-05-17,1766.6333,1773.3667,1794.3333,1756.8,4560.0
2020-05-18,1760.6,1780.0,1800.0,1756.2,4070.0
2020-05-19,1773.4,1763.0,1779.6,1754.2,4330.0
2020-05-20,1781.7,1777.7,1785.1,1773.0,4200.0
2020-05-21,1750.4,1778.8,1779.8,1743.8,5870.0
2020-05-22,1765.6,1755.9,1768.3,1750.6,8360.0
2020-05-23,1748.125,1745.675,1752.1,1740.2,4180.0
2020-05-24,1730.65,1735.45,1735.9,1729.8,0.0
2020-05-25,1727.0,1730.55,1731.35,1719.25,0.0
2020-05-26,1740.5,1761.0,1768.0,1734.8,6030.0
2020-05-27,1740.5,1738.8,1743.3,1714.8,6080.0
2020-05-28,1742.7,1737.5,1757.3,1734.3,4170.0
2020-05-29,1765.7,1748.7,1767.1,1740.7,6420.0
2020-05-30,1765.0333,1753.5,1769.5667,1744.3333,5376.6667
2020-05-31,1764.3667,1758.3,1772.0333,1747.9667,4333.3333
2020-06-01,1763.7,1763.1,1774.5,1751.6,3290.0
2020-06-02,1749.7,1766.2,1771.0,1743.4,4990.0
2020-06-03,1723.5,1750.3,1754.1,1707.5,7570.0
2020-06-04,1746.4,1721.0,1747.3,1718.5,5810.0
2020-06-05,1701.9,1740.2,1741.9,1690.1,9810.0
2020-06-06,1709.2,1728.8333,1736.6,1693.4333,8150.0
2020-06-07,1716.5,1717.4667,1731.3,1696.7667,6490.0
2020-06-08,1723.8,1706.1,1726.0,1700.1,4830.0
2020-06-09,1740.3,1724.9,1747.5,1715.9,6820.0
2020-06-10,1739.0,1737.7,1767.0,1732.8,8140.0
2020-06-11,1757.6,1764.9,1772.6,1746.0,6570.0
2020-06-12,1755.2,1751.7,1770.5,1746.9,3610.0
2020-06-13,1751.7667,1754.1667,1766.8667,1739.4667,3883.3333
2020-06-14,1748.3333,1756.6333,1763.2333,1732.0333,4156.6667
2020-06-15,1744.9,1759.1,1759.6,1724.6,4430.0
2020-06-16,1754.4,1751.4,1757.5,1739.8,4230.0
2020-06-17,1753.4,1751.5,1756.8,1735.6,3830.0
2020-06-18,1747.9,1752.9,1765.2,1739.6,4780.0
2020-06-19,1768.6,1746.6,1775.6,1745.5,8360.0
2020-06-20,1772.9667,1757.8333,1781.6,1753.3333,7530.0
2020-06-21,1777.3333,1769.0667,1787.6,1761.1667,6700.0
2020-06-22,1781.7,1780.3,1793.6,1769.0,5870.0
2020-06-23,1797.1,1780.0,1801.5,1774.0,4070.0
2020-06-24,1792.6,1800.4,1810.7,1787.8,8730.0
2020-06-25,1788.4,1789.3,1796.6,1781.6,6300.0
2020-06-26,1798.5,1792.5,1804.0,1772.0,4760.0
2020-06-27,1799.0333,1797.4333,1805.5333,1779.7667,4560.0
2020-06-28,1799.5667,1802.3667,1807.0667,1787.5333,4360.0
2020-06-29,1800.1,1807.3,1808.6,1795.3,4160.0
2020-06-30,1820.4,1803.7,1823.5,1794.0,8600.0
2020-07-01,1801.9,1817.5,1827.1,1789.8,15520.0
2020-07-02,1812.0,1802.2,1813.9,1788.3,11530.0
2020-07-03,1787.6,1786.9,1788.7,1783.65,0.0
2020-07-04,1797.1,1794.3667,1799.5667,1789.6333,3496.6667
2020-07-05,1806.6,1801.8333,1810.4333,1795.6167,6993.3333
2020-07-06,1816.1,1809.3,1821.3,1801.6,10490.0
2020-07-07,1834.3,1817.2,1835.0,1804.8,18510.0
2020-07-08,1850.6,1832.6,1857.0,1829.1,58420.0
2020-07-09,1833.5,1849.8,1854.6,1829.6,48720.0
2020-07-10,1831.3,1837.0,1846.3,1825.5,40130.0
2020-07-11,1835.4333,1835.2,1846.7667,1827.5333,38783.3333
2020-07-12,1839.5667,1833.4,1847.2333,1829.5667,37436.6667
2020-07-13,1843.7,1831.6,1847.7,1831.6,36090.0
2020-07-14,1841.5,1834.2,1843.0,1819.3,40630.0
2020-07-15,1841.6,1839.7,1847.2,1831.9,13320.0
2020-07-16,1826.5,1840.7,1843.7,1819.9,18230.0
2020-07-17,1833.7,1822.9,1837.6,1821.0,16390.0
2020-07-18,1835.8333,1827.1,1840.4333,1824.2333,17323.3333
2020-07-19,1837.9667,1831.3,1843.2667,1827.4667,18256.6667
2020-07-20,1840.1,1835.5,1846.1,1830.7,19190.0
2020-07-21,1869.6,1842.5,1870.5,1839.9,31690.0
2020-07-22,1892.6,1867.8,1899.0,1867.8,49860.0
2020-07-23,1917.4,1900.0,1927.1,1890.4,72360.0
2020-07-24,1925.2,1912.3,1933.6,1908.0,66450.0
2020-07-25,1935.2667,1917.8667,1946.1667,1914.2667,90250.0
2020-07-26,1945.3333,1923.4333,1958.7333,1920.5333,114050.0
2020-07-27,1955.4,1929.0,1971.3,1926.8,137850.0
2020-07-28,1963.9,1963.2,2000.0,1927.5,161580.0
2020-07-29,1976.7,1971.9,1998.4,1955.7,197820.0
2020-07-30,1966.8,1986.4,1987.3,1952.3,271380.0
2020-07-31,1985.9,1973.6,2005.4,1971.4,279320.0
2020-08-01,1986.0333,1981.5333,2006.7667,1972.6667,245796.6667
2020-08-02,1986.1667,1989.4667,2008.1333,1973.9333,212273.3333
2020-08-03,1986.3,1997.4,2009.5,1975.2,178750.0
2020-08-04,2021.0,1993.5,2037.7,1982.6,274420.0
2020-08-05,2049.3,2037.0,2070.3,2027.5,366380.0
2020-08-06,2069.4,2055.0,2081.8,2049.0,312760.0
2020-08-07,2028.0,2076.4,2089.2,2024.8,398130.0
2020-08-08,2031.9,2065.8667,2079.7333,2025.8,349190.0
2020-08-09,2035.8,2055.3333,2070.2667,2026.8,300250.0
2020-08-10,2039.7,2044.8,2060.8,2027.8,251310.0
2020-08-11,1946.3,2038.4,2040.5,1911.3,565000.0
2020-08-12,1949.0,1921.6,1961.0,1874.2,459840.0
2020-08-13,1970.4,1927.3,1974.8,1923.0,349890.0
2020-08-14,1949.8,1963.8,1970.0,1939.1,241800.0
2020-08-15,1966.1,1961.3333,1980.2667,1939.1,257680.0
2020-08-16,1982.4,1958.8667,1990.5333,1939.1,273560.0
2020-08-17,1998.7,1956.4,2000.8,1939.1,289440.0
2020-08-18,2013.1,1993.6,2024.6,1985.2,361480.0
2020-08-19,1970.3,2010.5,2015.6,1930.5,443260.0
2020-08-20,1946.5,1934.4,1963.1,1928.9,383340.0
2020-08-21,1947.0,1955.6,1963.1,1916.6,355070.0
2020-08-22,1944.4,1953.0333,1965.5,1921.3333,332133.3333
2020-08-23,1941.8,1950.4667,1967.9,1926.0667,309196.6667
2020-08-24,1939.2,1947.9,1970.3,1930.8,286260.0
2020-08-25,1923.1,1935.9,1944.1,1919.1,274110.0
2020-08-26,1952.5,1939.0,1963.4,1908.4,342210.0
2020-08-27,1932.6,1963.0,1987.0,1914.7,467170.0
2020-08-28,1974.9,1937.5,1983.0,1928.2,334100.0
2020-08-29,1976.1333,1949.6333,1983.9333,1939.5667,304436.6667
2020-08-30,1977.3667,1961.7667,1984.8667,1950.9333,274773.3333
2020-08-31,1978.6,1973.9,1985.8,1962.3,245110.0
2020-09-01,1978.9,1973.7,2001.2,1969.2,304890.0
2020-09-02,1944.7,1976.8,1980.4,1938.9,332590.0
2020-09-03,1937.8,1948.9,1956.6,1927.2,303030.0
2020-09-04,1934.3,1938.0,1956.6,1921.6,304740.0
2020-09-05,1937.475,1939.95,1950.45,1929.625,152370.0
2020-09-06,1940.65,1941.9,1944.3,1937.65,0.0
2020-09-07,1937.1,1940.7,1947.4,1930.45,0.0
2020-09-08,1943.2,1938.0,1948.3,1911.7,416010.0
2020-09-09,1954.9,1939.4,1959.7,1926.3,227180.0
2020-09-10,1964.3,1955.3,1975.2,1948.6,271480.0
